,path,emotion
0,data/training\Actor_01\01_01_01_01_dogs-sitting_neutral.wav,neutral
1,data/training\Actor_01\01_01_01_01_kids-talking_neutral.wav,neutral
2,data/training\Actor_01\01_01_01_02_dogs-sitting_neutral.wav,neutral
3,data/training\Actor_01\01_01_01_02_kids-talking_neutral.wav,neutral
4,data/training\Actor_01\01_02_01_01_dogs-sitting_neutral.wav,neutral
5,data/training\Actor_01\01_02_01_01_kids-talking_neutral.wav,neutral
6,data/training\Actor_01\01_02_01_02_dogs-sitting_neutral.wav,neutral
7,data/training\Actor_01\01_02_01_02_kids-talking_neutral.wav,neutral
8,data/training\Actor_01\03-02-01-01-01-01-01_neutral.wav,neutral
9,data/training\Actor_01\03-02-01-01-01-02-01_neutral.wav,neutral
10,data/training\Actor_01\03-02-01-01-02-01-01_neutral.wav,neutral
11,data/training\Actor_01\03-02-01-01-02-02-01_neutral.wav,neutral
12,data/training\Actor_02\02_01_01_01_dogs-sitting_neutral.wav,neutral
13,data/training\Actor_02\02_01_01_01_kids-talking_neutral.wav,neutral
14,data/training\Actor_02\02_01_01_02_dogs-sitting_neutral.wav,neutral
15,data/training\Actor_02\02_01_01_02_kids-talking_neutral.wav,neutral
16,data/training\Actor_02\02_02_01_01_dogs-sitting_neutral.wav,neutral
17,data/training\Actor_02\02_02_01_01_kids-talking_neutral.wav,neutral
18,data/training\Actor_02\02_02_01_02_dogs-sitting_neutral.wav,neutral
19,data/training\Actor_02\02_02_01_02_kids-talking_neutral.wav,neutral
20,data/training\Actor_02\03-02-01-01-01-01-02_neutral.wav,neutral
21,data/training\Actor_02\03-02-01-01-01-02-02_neutral.wav,neutral
22,data/training\Actor_02\03-02-01-01-02-01-02_neutral.wav,neutral
23,data/training\Actor_02\03-02-01-01-02-02-02_neutral.wav,neutral
24,data/training\Actor_03\03-02-01-01-01-01-03_neutral.wav,neutral
25,data/training\Actor_03\03-02-01-01-01-02-03_neutral.wav,neutral
26,data/training\Actor_03\03-02-01-01-02-01-03_neutral.wav,neutral
27,data/training\Actor_03\03-02-01-01-02-02-03_neutral.wav,neutral
28,data/training\Actor_03\03_01_01_01_dogs-sitting_neutral.wav,neutral
29,data/training\Actor_03\03_01_01_01_kids-talking_neutral.wav,neutral
30,data/training\Actor_03\03_01_01_02_dogs-sitting_neutral.wav,neutral
31,data/training\Actor_03\03_01_01_02_kids-talking_neutral.wav,neutral
32,data/training\Actor_03\03_02_01_01_dogs-sitting_neutral.wav,neutral
33,data/training\Actor_03\03_02_01_01_kids-talking_neutral.wav,neutral
34,data/training\Actor_03\03_02_01_02_dogs-sitting_neutral.wav,neutral
35,data/training\Actor_03\03_02_01_02_kids-talking_neutral.wav,neutral
36,data/training\Actor_04\03-02-01-01-01-01-04_neutral.wav,neutral
37,data/training\Actor_04\03-02-01-01-01-02-04_neutral.wav,neutral
38,data/training\Actor_04\03-02-01-01-02-01-04_neutral.wav,neutral
39,data/training\Actor_04\03-02-01-01-02-02-04_neutral.wav,neutral
40,data/training\Actor_04\04_01_01_01_dogs-sitting_neutral.wav,neutral
41,data/training\Actor_04\04_01_01_01_kids-talking_neutral.wav,neutral
42,data/training\Actor_04\04_01_01_02_dogs-sitting_neutral.wav,neutral
43,data/training\Actor_04\04_01_01_02_kids-talking_neutral.wav,neutral
44,data/training\Actor_04\04_02_01_01_dogs-sitting_neutral.wav,neutral
45,data/training\Actor_04\04_02_01_01_kids-talking_neutral.wav,neutral
46,data/training\Actor_04\04_02_01_02_dogs-sitting_neutral.wav,neutral
47,data/training\Actor_04\04_02_01_02_kids-talking_neutral.wav,neutral
48,data/training\Actor_05\03-02-01-01-01-01-05_neutral.wav,neutral
49,data/training\Actor_05\03-02-01-01-01-02-05_neutral.wav,neutral
50,data/training\Actor_05\03-02-01-01-02-01-05_neutral.wav,neutral
51,data/training\Actor_05\03-02-01-01-02-02-05_neutral.wav,neutral
52,data/training\Actor_05\05_01_01_01_dogs-sitting_neutral.wav,neutral
53,data/training\Actor_05\05_01_01_01_kids-talking_neutral.wav,neutral
54,data/training\Actor_05\05_01_01_02_dogs-sitting_neutral.wav,neutral
55,data/training\Actor_05\05_01_01_02_kids-talking_neutral.wav,neutral
56,data/training\Actor_05\05_02_01_01_dogs-sitting_neutral.wav,neutral
57,data/training\Actor_05\05_02_01_01_kids-talking_neutral.wav,neutral
58,data/training\Actor_05\05_02_01_02_dogs-sitting_neutral.wav,neutral
59,data/training\Actor_05\05_02_01_02_kids-talking_neutral.wav,neutral
60,data/training\Actor_06\03-02-01-01-01-01-06_neutral.wav,neutral
61,data/training\Actor_06\03-02-01-01-01-02-06_neutral.wav,neutral
62,data/training\Actor_06\03-02-01-01-02-01-06_neutral.wav,neutral
63,data/training\Actor_06\03-02-01-01-02-02-06_neutral.wav,neutral
64,data/training\Actor_06\06_01_01_01_dogs-sitting_neutral.wav,neutral
65,data/training\Actor_06\06_01_01_01_kids-talking_neutral.wav,neutral
66,data/training\Actor_06\06_01_01_02_dogs-sitting_neutral.wav,neutral
67,data/training\Actor_06\06_01_01_02_kids-talking_neutral.wav,neutral
68,data/training\Actor_06\06_02_01_01_dogs-sitting_neutral.wav,neutral
69,data/training\Actor_06\06_02_01_01_kids-talking_neutral.wav,neutral
70,data/training\Actor_06\06_02_01_02_dogs-sitting_neutral.wav,neutral
71,data/training\Actor_06\06_02_01_02_kids-talking_neutral.wav,neutral
72,data/training\Actor_07\07_01_01_01_dogs-sitting_neutral.wav,neutral
73,data/training\Actor_07\07_01_01_01_kids-talking_neutral.wav,neutral
74,data/training\Actor_07\07_01_01_02_dogs-sitting_neutral.wav,neutral
75,data/training\Actor_07\07_01_01_02_kids-talking_neutral.wav,neutral
76,data/training\Actor_07\07_02_01_01_dogs-sitting_neutral.wav,neutral
77,data/training\Actor_07\07_02_01_01_kids-talking_neutral.wav,neutral
78,data/training\Actor_07\07_02_01_02_dogs-sitting_neutral.wav,neutral
79,data/training\Actor_07\07_02_01_02_kids-talking_neutral.wav,neutral
80,data/training\Actor_08\08_01_01_01_dogs-sitting_neutral.wav,neutral
81,data/training\Actor_08\08_01_01_01_kids-talking_neutral.wav,neutral
82,data/training\Actor_08\08_01_01_02_dogs-sitting_neutral.wav,neutral
83,data/training\Actor_08\08_01_01_02_kids-talking_neutral.wav,neutral
84,data/training\Actor_08\08_02_01_01_dogs-sitting_neutral.wav,neutral
85,data/training\Actor_08\08_02_01_01_kids-talking_neutral.wav,neutral
86,data/training\Actor_08\08_02_01_02_dogs-sitting_neutral.wav,neutral
87,data/training\Actor_08\08_02_01_02_kids-talking_neutral.wav,neutral
88,data/training\Actor_09\09_01_01_01_dogs-sitting_neutral.wav,neutral
89,data/training\Actor_09\09_01_01_01_kids-talking_neutral.wav,neutral
90,data/training\Actor_09\09_01_01_02_dogs-sitting_neutral.wav,neutral
91,data/training\Actor_09\09_01_01_02_kids-talking_neutral.wav,neutral
92,data/training\Actor_09\09_02_01_01_dogs-sitting_neutral.wav,neutral
93,data/training\Actor_09\09_02_01_01_kids-talking_neutral.wav,neutral
94,data/training\Actor_09\09_02_01_02_dogs-sitting_neutral.wav,neutral
95,data/training\Actor_09\09_02_01_02_kids-talking_neutral.wav,neutral
96,data/training\Actor_10\10_01_01_01_dogs-sitting_neutral.wav,neutral
97,data/training\Actor_10\10_01_01_01_kids-talking_neutral.wav,neutral
98,data/training\Actor_10\10_01_01_02_dogs-sitting_neutral.wav,neutral
99,data/training\Actor_10\10_01_01_02_kids-talking_neutral.wav,neutral
100,data/training\Actor_10\10_02_01_01_dogs-sitting_neutral.wav,neutral
101,data/training\Actor_10\10_02_01_01_kids-talking_neutral.wav,neutral
102,data/training\Actor_10\10_02_01_02_dogs-sitting_neutral.wav,neutral
103,data/training\Actor_10\10_02_01_02_kids-talking_neutral.wav,neutral
104,data/training\Actor_11\03-02-01-01-01-01-11_neutral.wav,neutral
105,data/training\Actor_11\03-02-01-01-01-02-11_neutral.wav,neutral
106,data/training\Actor_11\03-02-01-01-02-01-11_neutral.wav,neutral
107,data/training\Actor_11\03-02-01-01-02-02-11_neutral.wav,neutral
108,data/training\Actor_11\11_01_01_01_dogs-sitting_neutral.wav,neutral
109,data/training\Actor_11\11_01_01_01_kids-talking_neutral.wav,neutral
110,data/training\Actor_11\11_01_01_02_dogs-sitting_neutral.wav,neutral
111,data/training\Actor_11\11_01_01_02_kids-talking_neutral.wav,neutral
112,data/training\Actor_11\11_02_01_01_dogs-sitting_neutral.wav,neutral
113,data/training\Actor_11\11_02_01_01_kids-talking_neutral.wav,neutral
114,data/training\Actor_11\11_02_01_02_dogs-sitting_neutral.wav,neutral
115,data/training\Actor_11\11_02_01_02_kids-talking_neutral.wav,neutral
116,data/training\Actor_12\03-02-01-01-01-01-12_neutral.wav,neutral
117,data/training\Actor_12\03-02-01-01-01-02-12_neutral.wav,neutral
118,data/training\Actor_12\03-02-01-01-02-01-12_neutral.wav,neutral
119,data/training\Actor_12\03-02-01-01-02-02-12_neutral.wav,neutral
120,data/training\Actor_12\12_01_01_01_dogs-sitting_neutral.wav,neutral
121,data/training\Actor_12\12_01_01_01_kids-talking_neutral.wav,neutral
122,data/training\Actor_12\12_01_01_02_dogs-sitting_neutral.wav,neutral
123,data/training\Actor_12\12_01_01_02_kids-talking_neutral.wav,neutral
124,data/training\Actor_12\12_02_01_01_dogs-sitting_neutral.wav,neutral
125,data/training\Actor_12\12_02_01_01_kids-talking_neutral.wav,neutral
126,data/training\Actor_12\12_02_01_02_dogs-sitting_neutral.wav,neutral
127,data/training\Actor_12\12_02_01_02_kids-talking_neutral.wav,neutral
128,data/training\Actor_13\03-02-01-01-01-01-13_neutral.wav,neutral
129,data/training\Actor_13\03-02-01-01-01-02-13_neutral.wav,neutral
130,data/training\Actor_13\03-02-01-01-02-01-13_neutral.wav,neutral
131,data/training\Actor_13\03-02-01-01-02-02-13_neutral.wav,neutral
132,data/training\Actor_13\13_01_01_01_dogs-sitting_neutral.wav,neutral
133,data/training\Actor_13\13_01_01_01_kids-talking_neutral.wav,neutral
134,data/training\Actor_13\13_01_01_02_dogs-sitting_neutral.wav,neutral
135,data/training\Actor_13\13_01_01_02_kids-talking_neutral.wav,neutral
136,data/training\Actor_13\13_02_01_01_dogs-sitting_neutral.wav,neutral
137,data/training\Actor_13\13_02_01_01_kids-talking_neutral.wav,neutral
138,data/training\Actor_13\13_02_01_02_dogs-sitting_neutral.wav,neutral
139,data/training\Actor_13\13_02_01_02_kids-talking_neutral.wav,neutral
140,data/training\Actor_14\03-02-01-01-01-01-14_neutral.wav,neutral
141,data/training\Actor_14\03-02-01-01-01-02-14_neutral.wav,neutral
142,data/training\Actor_14\03-02-01-01-02-01-14_neutral.wav,neutral
143,data/training\Actor_14\03-02-01-01-02-02-14_neutral.wav,neutral
144,data/training\Actor_14\14_02_01_01_dogs-sitting_neutral.wav,neutral
145,data/training\Actor_14\14_02_01_01_kids-talking_neutral.wav,neutral
146,data/training\Actor_14\14_02_01_02_dogs-sitting_neutral.wav,neutral
147,data/training\Actor_14\14_02_01_02_kids-talking_neutral.wav,neutral
148,data/training\Actor_15\03-02-01-01-01-01-15_neutral.wav,neutral
149,data/training\Actor_15\03-02-01-01-01-02-15_neutral.wav,neutral
150,data/training\Actor_15\03-02-01-01-02-01-15_neutral.wav,neutral
151,data/training\Actor_15\03-02-01-01-02-02-15_neutral.wav,neutral
152,data/training\Actor_15\15_02_01_01_dogs-sitting_neutral.wav,neutral
153,data/training\Actor_15\15_02_01_01_kids-talking_neutral.wav,neutral
154,data/training\Actor_15\15_02_01_02_dogs-sitting_neutral.wav,neutral
155,data/training\Actor_15\15_02_01_02_kids-talking_neutral.wav,neutral
156,data/training\Actor_16\03-02-01-01-01-01-16_neutral.wav,neutral
157,data/training\Actor_16\03-02-01-01-01-02-16_neutral.wav,neutral
158,data/training\Actor_16\03-02-01-01-02-01-16_neutral.wav,neutral
159,data/training\Actor_16\03-02-01-01-02-02-16_neutral.wav,neutral
160,data/training\Actor_16\16_02_01_01_dogs-sitting_neutral.wav,neutral
161,data/training\Actor_16\16_02_01_01_kids-talking_neutral.wav,neutral
162,data/training\Actor_16\16_02_01_02_dogs-sitting_neutral.wav,neutral
163,data/training\Actor_16\16_02_01_02_kids-talking_neutral.wav,neutral
164,data/training\Actor_17\03-02-01-01-01-01-17_neutral.wav,neutral
165,data/training\Actor_17\03-02-01-01-01-02-17_neutral.wav,neutral
166,data/training\Actor_17\03-02-01-01-02-01-17_neutral.wav,neutral
167,data/training\Actor_17\03-02-01-01-02-02-17_neutral.wav,neutral
168,data/training\Actor_17\17_02_01_01_dogs-sitting_neutral.wav,neutral
169,data/training\Actor_17\17_02_01_01_kids-talking_neutral.wav,neutral
170,data/training\Actor_17\17_02_01_02_dogs-sitting_neutral.wav,neutral
171,data/training\Actor_17\17_02_01_02_kids-talking_neutral.wav,neutral
172,data/training\Actor_18\18_01_01_01_dogs-sitting_neutral.wav,neutral
173,data/training\Actor_18\18_01_01_01_kids-talking_neutral.wav,neutral
174,data/training\Actor_18\18_01_01_02_dogs-sitting_neutral.wav,neutral
175,data/training\Actor_18\18_01_01_02_kids-talking_neutral.wav,neutral
176,data/training\Actor_19\03-02-01-01-01-01-19_neutral.wav,neutral
177,data/training\Actor_19\03-02-01-01-01-02-19_neutral.wav,neutral
178,data/training\Actor_19\03-02-01-01-02-01-19_neutral.wav,neutral
179,data/training\Actor_19\03-02-01-01-02-02-19_neutral.wav,neutral
180,data/training\Actor_19\19_01_01_01_dogs-sitting_neutral.wav,neutral
181,data/training\Actor_19\19_01_01_01_kids-talking_neutral.wav,neutral
182,data/training\Actor_19\19_01_01_02_dogs-sitting_neutral.wav,neutral
183,data/training\Actor_19\19_01_01_02_kids-talking_neutral.wav,neutral
184,data/training\Actor_19\19_02_01_01_dogs-sitting_neutral.wav,neutral
185,data/training\Actor_19\19_02_01_01_kids-talking_neutral.wav,neutral
186,data/training\Actor_19\19_02_01_02_dogs-sitting_neutral.wav,neutral
187,data/training\Actor_19\19_02_01_02_kids-talking_neutral.wav,neutral
188,data/training\Actor_20\03-02-01-01-01-01-20_neutral.wav,neutral
189,data/training\Actor_20\03-02-01-01-01-02-20_neutral.wav,neutral
190,data/training\Actor_20\03-02-01-01-02-01-20_neutral.wav,neutral
191,data/training\Actor_20\03-02-01-01-02-02-20_neutral.wav,neutral
192,data/training\Actor_20\20_01_01_01_dogs-sitting_neutral.wav,neutral
193,data/training\Actor_20\20_01_01_01_kids-talking_neutral.wav,neutral
194,data/training\Actor_20\20_01_01_02_dogs-sitting_neutral.wav,neutral
195,data/training\Actor_20\20_01_01_02_kids-talking_neutral.wav,neutral
196,data/training\Actor_21\03-02-01-01-01-01-21_neutral.wav,neutral
197,data/training\Actor_21\03-02-01-01-01-02-21_neutral.wav,neutral
198,data/training\Actor_21\03-02-01-01-02-01-21_neutral.wav,neutral
199,data/training\Actor_21\03-02-01-01-02-02-21_neutral.wav,neutral
200,data/training\Actor_21\21_01_01_01_dogs-sitting_neutral.wav,neutral
201,data/training\Actor_21\21_01_01_01_kids-talking_neutral.wav,neutral
202,data/training\Actor_21\21_01_01_02_dogs-sitting_neutral.wav,neutral
203,data/training\Actor_21\21_01_01_02_kids-talking_neutral.wav,neutral
204,data/training\Actor_22\03-02-01-01-01-01-22_neutral.wav,neutral
205,data/training\Actor_22\03-02-01-01-01-02-22_neutral.wav,neutral
206,data/training\Actor_22\03-02-01-01-02-01-22_neutral.wav,neutral
207,data/training\Actor_22\03-02-01-01-02-02-22_neutral.wav,neutral
208,data/training\Actor_22\22_01_01_01_dogs-sitting_neutral.wav,neutral
209,data/training\Actor_22\22_01_01_01_kids-talking_neutral.wav,neutral
210,data/training\Actor_22\22_01_01_02_dogs-sitting_neutral.wav,neutral
211,data/training\Actor_22\22_01_01_02_kids-talking_neutral.wav,neutral
212,data/training\Actor_23\03-02-01-01-01-01-23_neutral.wav,neutral
213,data/training\Actor_23\03-02-01-01-01-02-23_neutral.wav,neutral
214,data/training\Actor_23\03-02-01-01-02-01-23_neutral.wav,neutral
215,data/training\Actor_23\03-02-01-01-02-02-23_neutral.wav,neutral
216,data/training\Actor_23\23_01_01_01_dogs-sitting_neutral.wav,neutral
217,data/training\Actor_23\23_01_01_01_kids-talking_neutral.wav,neutral
218,data/training\Actor_23\23_01_01_02_dogs-sitting_neutral.wav,neutral
219,data/training\Actor_23\23_01_01_02_kids-talking_neutral.wav,neutral
220,data/training\Actor_24\03-02-01-01-01-01-24_neutral.wav,neutral
221,data/training\Actor_24\03-02-01-01-01-02-24_neutral.wav,neutral
222,data/training\Actor_24\03-02-01-01-02-01-24_neutral.wav,neutral
223,data/training\Actor_24\03-02-01-01-02-02-24_neutral.wav,neutral
224,data/training\Actor_24\24_01_01_01_dogs-sitting_neutral.wav,neutral
225,data/training\Actor_24\24_01_01_01_kids-talking_neutral.wav,neutral
226,data/training\Actor_24\24_01_01_02_dogs-sitting_neutral.wav,neutral
227,data/training\Actor_24\24_01_01_02_kids-talking_neutral.wav,neutral
228,data/training\Actor_24\24_02_01_01_dogs-sitting_neutral.wav,neutral
229,data/training\Actor_24\24_02_01_01_kids-talking_neutral.wav,neutral
230,data/training\Actor_24\24_02_01_02_dogs-sitting_neutral.wav,neutral
231,data/training\Actor_24\24_02_01_02_kids-talking_neutral.wav,neutral
232,data/training\Actor_25\25_01_01_01_fat_neutral.wav,neutral
233,data/training\Actor_25\25_01_01_01_fit_neutral.wav,neutral
234,data/training\Actor_25\25_01_01_01_five_neutral.wav,neutral
235,data/training\Actor_25\25_01_01_01_food_neutral.wav,neutral
236,data/training\Actor_25\25_01_01_01_gap_neutral.wav,neutral
237,data/training\Actor_25\25_01_01_01_gas_neutral.wav,neutral
238,data/training\Actor_25\25_01_01_01_gaze_neutral.wav,neutral
239,data/training\Actor_25\25_01_01_01_germ_neutral.wav,neutral
240,data/training\Actor_25\25_01_01_01_get_neutral.wav,neutral
241,data/training\Actor_25\25_01_01_01_gin_neutral.wav,neutral
242,data/training\Actor_25\25_01_01_01_goal_neutral.wav,neutral
243,data/training\Actor_25\25_01_01_01_good_neutral.wav,neutral
244,data/training\Actor_25\25_01_01_01_goose_neutral.wav,neutral
245,data/training\Actor_25\25_01_01_01_gun_neutral.wav,neutral
246,data/training\Actor_25\25_01_01_01_half_neutral.wav,neutral
247,data/training\Actor_25\25_01_01_01_hall_neutral.wav,neutral
248,data/training\Actor_25\25_01_01_01_hash_neutral.wav,neutral
249,data/training\Actor_25\25_01_01_01_hate_neutral.wav,neutral
250,data/training\Actor_25\25_01_01_01_have_neutral.wav,neutral
251,data/training\Actor_25\25_01_01_01_haze_neutral.wav,neutral
252,data/training\Actor_25\25_01_01_01_hire_neutral.wav,neutral
253,data/training\Actor_25\25_01_01_01_hit_neutral.wav,neutral
254,data/training\Actor_25\25_01_01_01_hole_neutral.wav,neutral
255,data/training\Actor_25\25_01_01_01_home_neutral.wav,neutral
256,data/training\Actor_25\25_01_01_01_hurl_neutral.wav,neutral
257,data/training\Actor_25\25_01_01_01_hush_neutral.wav,neutral
258,data/training\Actor_25\25_01_01_01_jail_neutral.wav,neutral
259,data/training\Actor_25\25_01_01_01_jar_neutral.wav,neutral
260,data/training\Actor_25\25_01_01_01_join_neutral.wav,neutral
261,data/training\Actor_25\25_01_01_01_judge_neutral.wav,neutral
262,data/training\Actor_25\25_01_01_01_jug_neutral.wav,neutral
263,data/training\Actor_25\25_01_01_01_juice_neutral.wav,neutral
264,data/training\Actor_25\25_01_01_01_keen_neutral.wav,neutral
265,data/training\Actor_25\25_01_01_01_keep_neutral.wav,neutral
266,data/training\Actor_25\25_01_01_01_keg_neutral.wav,neutral
267,data/training\Actor_25\25_01_01_01_kick_neutral.wav,neutral
268,data/training\Actor_25\25_01_01_01_kill_neutral.wav,neutral
269,data/training\Actor_25\25_01_01_01_king_neutral.wav,neutral
270,data/training\Actor_25\25_01_01_01_kite_neutral.wav,neutral
271,data/training\Actor_25\25_01_01_01_knock_neutral.wav,neutral
272,data/training\Actor_25\25_01_01_01_late_neutral.wav,neutral
273,data/training\Actor_25\25_01_01_01_laud_neutral.wav,neutral
274,data/training\Actor_25\25_01_01_01_lean_neutral.wav,neutral
275,data/training\Actor_25\25_01_01_01_learn_neutral.wav,neutral
276,data/training\Actor_25\25_01_01_01_lease_neutral.wav,neutral
277,data/training\Actor_25\25_01_01_01_lid_neutral.wav,neutral
278,data/training\Actor_25\25_01_01_01_life_neutral.wav,neutral
279,data/training\Actor_25\25_01_01_01_limb_neutral.wav,neutral
280,data/training\Actor_25\25_01_01_01_live_neutral.wav,neutral
281,data/training\Actor_25\25_01_01_01_loaf_neutral.wav,neutral
282,data/training\Actor_25\25_01_01_01_long_neutral.wav,neutral
283,data/training\Actor_25\25_01_01_01_lore_neutral.wav,neutral
284,data/training\Actor_25\25_01_01_01_lose_neutral.wav,neutral
285,data/training\Actor_25\25_01_01_01_lot_neutral.wav,neutral
286,data/training\Actor_25\25_01_01_01_love_neutral.wav,neutral
287,data/training\Actor_25\25_01_01_01_luck_neutral.wav,neutral
288,data/training\Actor_25\25_01_01_01_make_neutral.wav,neutral
289,data/training\Actor_25\25_01_01_01_match_neutral.wav,neutral
290,data/training\Actor_25\25_01_01_01_merge_neutral.wav,neutral
291,data/training\Actor_25\25_01_01_01_mess_neutral.wav,neutral
292,data/training\Actor_25\25_01_01_01_met_neutral.wav,neutral
293,data/training\Actor_25\25_01_01_01_mill_neutral.wav,neutral
294,data/training\Actor_25\25_01_01_01_mob_neutral.wav,neutral
295,data/training\Actor_25\25_01_01_01_mode_neutral.wav,neutral
296,data/training\Actor_25\25_01_01_01_mood_neutral.wav,neutral
297,data/training\Actor_25\25_01_01_01_moon_neutral.wav,neutral
298,data/training\Actor_25\25_01_01_01_mop_neutral.wav,neutral
299,data/training\Actor_25\25_01_01_01_mouse_neutral.wav,neutral
300,data/training\Actor_25\25_01_01_01_nag_neutral.wav,neutral
301,data/training\Actor_25\25_01_01_01_name_neutral.wav,neutral
302,data/training\Actor_25\25_01_01_01_near_neutral.wav,neutral
303,data/training\Actor_25\25_01_01_01_neat_neutral.wav,neutral
304,data/training\Actor_25\25_01_01_01_nice_neutral.wav,neutral
305,data/training\Actor_25\25_01_01_01_note_neutral.wav,neutral
306,data/training\Actor_25\25_01_01_01_numb_neutral.wav,neutral
307,data/training\Actor_25\25_01_01_01_pad_neutral.wav,neutral
308,data/training\Actor_25\25_01_01_01_page_neutral.wav,neutral
309,data/training\Actor_25\25_01_01_01_pain_neutral.wav,neutral
310,data/training\Actor_25\25_01_01_01_pass_neutral.wav,neutral
311,data/training\Actor_25\25_01_01_01_pearl_neutral.wav,neutral
312,data/training\Actor_25\25_01_01_01_peg_neutral.wav,neutral
313,data/training\Actor_25\25_01_01_01_perch_neutral.wav,neutral
314,data/training\Actor_25\25_01_01_01_phone_neutral.wav,neutral
315,data/training\Actor_25\25_01_01_01_pick_neutral.wav,neutral
316,data/training\Actor_25\25_01_01_01_pike_neutral.wav,neutral
317,data/training\Actor_25\25_01_01_01_pole_neutral.wav,neutral
318,data/training\Actor_25\25_01_01_01_pool_neutral.wav,neutral
319,data/training\Actor_25\25_01_01_01_puff_neutral.wav,neutral
320,data/training\Actor_25\25_01_01_01_rag_neutral.wav,neutral
321,data/training\Actor_25\25_01_01_01_raid_neutral.wav,neutral
322,data/training\Actor_25\25_01_01_01_rain_neutral.wav,neutral
323,data/training\Actor_25\25_01_01_01_raise_neutral.wav,neutral
324,data/training\Actor_25\25_01_01_01_rat_neutral.wav,neutral
325,data/training\Actor_25\25_01_01_01_reach_neutral.wav,neutral
326,data/training\Actor_25\25_01_01_01_read_neutral.wav,neutral
327,data/training\Actor_25\25_01_01_01_red_neutral.wav,neutral
328,data/training\Actor_25\25_01_01_01_ring_neutral.wav,neutral
329,data/training\Actor_25\25_01_01_01_ripe_neutral.wav,neutral
330,data/training\Actor_25\25_01_01_01_road_neutral.wav,neutral
331,data/training\Actor_25\25_01_01_01_room_neutral.wav,neutral
332,data/training\Actor_25\25_01_01_01_rose_neutral.wav,neutral
333,data/training\Actor_25\25_01_01_01_rot_neutral.wav,neutral
334,data/training\Actor_25\25_01_01_01_rough_neutral.wav,neutral
335,data/training\Actor_25\25_01_01_01_rush_neutral.wav,neutral
336,data/training\Actor_25\25_01_01_01_said_neutral.wav,neutral
337,data/training\Actor_25\25_01_01_01_sail_neutral.wav,neutral
338,data/training\Actor_25\25_01_01_01_search_neutral.wav,neutral
339,data/training\Actor_25\25_01_01_01_seize_neutral.wav,neutral
340,data/training\Actor_25\25_01_01_01_sell_neutral.wav,neutral
341,data/training\Actor_25\25_01_01_01_shack_neutral.wav,neutral
342,data/training\Actor_25\25_01_01_01_shall_neutral.wav,neutral
343,data/training\Actor_25\25_01_01_01_shawl_neutral.wav,neutral
344,data/training\Actor_25\25_01_01_01_sheep_neutral.wav,neutral
345,data/training\Actor_25\25_01_01_01_shirt_neutral.wav,neutral
346,data/training\Actor_25\25_01_01_01_should_neutral.wav,neutral
347,data/training\Actor_25\25_01_01_01_shout_neutral.wav,neutral
348,data/training\Actor_25\25_01_01_01_size_neutral.wav,neutral
349,data/training\Actor_25\25_01_01_01_soap_neutral.wav,neutral
350,data/training\Actor_25\25_01_01_01_soup_neutral.wav,neutral
351,data/training\Actor_25\25_01_01_01_sour_neutral.wav,neutral
352,data/training\Actor_25\25_01_01_01_south_neutral.wav,neutral
353,data/training\Actor_25\25_01_01_01_sub_neutral.wav,neutral
354,data/training\Actor_25\25_01_01_01_such_neutral.wav,neutral
355,data/training\Actor_25\25_01_01_01_sure_neutral.wav,neutral
356,data/training\Actor_25\25_01_01_01_take_neutral.wav,neutral
357,data/training\Actor_25\25_01_01_01_talk_neutral.wav,neutral
358,data/training\Actor_25\25_01_01_01_tape_neutral.wav,neutral
359,data/training\Actor_25\25_01_01_01_team_neutral.wav,neutral
360,data/training\Actor_25\25_01_01_01_tell_neutral.wav,neutral
361,data/training\Actor_25\25_01_01_01_thin_neutral.wav,neutral
362,data/training\Actor_25\25_01_01_01_third_neutral.wav,neutral
363,data/training\Actor_25\25_01_01_01_thought_neutral.wav,neutral
364,data/training\Actor_25\25_01_01_01_thumb_neutral.wav,neutral
365,data/training\Actor_25\25_01_01_01_time_neutral.wav,neutral
366,data/training\Actor_25\25_01_01_01_tip_neutral.wav,neutral
367,data/training\Actor_25\25_01_01_01_tire_neutral.wav,neutral
368,data/training\Actor_25\25_01_01_01_ton_neutral.wav,neutral
369,data/training\Actor_25\25_01_01_01_tool_neutral.wav,neutral
370,data/training\Actor_25\25_01_01_01_tough_neutral.wav,neutral
371,data/training\Actor_25\25_01_01_01_turn_neutral.wav,neutral
372,data/training\Actor_25\25_01_01_01_vine_neutral.wav,neutral
373,data/training\Actor_25\25_01_01_01_voice_neutral.wav,neutral
374,data/training\Actor_25\25_01_01_01_void_neutral.wav,neutral
375,data/training\Actor_25\25_01_01_01_vote_neutral.wav,neutral
376,data/training\Actor_25\25_01_01_01_wag_neutral.wav,neutral
377,data/training\Actor_25\25_01_01_01_walk_neutral.wav,neutral
378,data/training\Actor_25\25_01_01_01_wash_neutral.wav,neutral
379,data/training\Actor_25\25_01_01_01_week_neutral.wav,neutral
380,data/training\Actor_25\25_01_01_01_wheat_neutral.wav,neutral
381,data/training\Actor_25\25_01_01_01_when_neutral.wav,neutral
382,data/training\Actor_25\25_01_01_01_which_neutral.wav,neutral
383,data/training\Actor_25\25_01_01_01_whip_neutral.wav,neutral
384,data/training\Actor_25\25_01_01_01_white_neutral.wav,neutral
385,data/training\Actor_25\25_01_01_01_wife_neutral.wav,neutral
386,data/training\Actor_25\25_01_01_01_wire_neutral.wav,neutral
387,data/training\Actor_25\25_01_01_01_witch_neutral.wav,neutral
388,data/training\Actor_25\25_01_01_01_yearn_neutral.wav,neutral
389,data/training\Actor_25\25_01_01_01_yes_neutral.wav,neutral
390,data/training\Actor_25\25_01_01_01_young_neutral.wav,neutral
391,data/training\Actor_25\25_01_01_01_youth_neutral.wav,neutral
392,data/training\Actor_26\26_01_01_01_back_neutral.wav,neutral
393,data/training\Actor_26\26_01_01_01_bar_neutral.wav,neutral
394,data/training\Actor_26\26_01_01_01_base_neutral.wav,neutral
395,data/training\Actor_26\26_01_01_01_bath_neutral.wav,neutral
396,data/training\Actor_26\26_01_01_01_bean_neutral.wav,neutral
397,data/training\Actor_26\26_01_01_01_beg_neutral.wav,neutral
398,data/training\Actor_26\26_01_01_01_bite_neutral.wav,neutral
399,data/training\Actor_26\26_01_01_01_boat_neutral.wav,neutral
400,data/training\Actor_26\26_01_01_01_bone_neutral.wav,neutral
401,data/training\Actor_26\26_01_01_01_book_neutral.wav,neutral
402,data/training\Actor_26\26_01_01_01_bought_neutral.wav,neutral
403,data/training\Actor_26\26_01_01_01_burn_neutral.wav,neutral
404,data/training\Actor_26\26_01_01_01_cab_neutral.wav,neutral
405,data/training\Actor_26\26_01_01_01_calm_neutral.wav,neutral
406,data/training\Actor_26\26_01_01_01_came_neutral.wav,neutral
407,data/training\Actor_26\26_01_01_01_cause_neutral.wav,neutral
408,data/training\Actor_26\26_01_01_01_chain_neutral.wav,neutral
409,data/training\Actor_26\26_01_01_01_chair_neutral.wav,neutral
410,data/training\Actor_26\26_01_01_01_chalk_neutral.wav,neutral
411,data/training\Actor_26\26_01_01_01_chat_neutral.wav,neutral
412,data/training\Actor_26\26_01_01_01_check_neutral.wav,neutral
413,data/training\Actor_26\26_01_01_01_cheek_neutral.wav,neutral
414,data/training\Actor_26\26_01_01_01_chief_neutral.wav,neutral
415,data/training\Actor_26\26_01_01_01_choice_neutral.wav,neutral
416,data/training\Actor_26\26_01_01_01_cool_neutral.wav,neutral
417,data/training\Actor_26\26_01_01_01_dab_neutral.wav,neutral
418,data/training\Actor_26\26_01_01_01_date_neutral.wav,neutral
419,data/training\Actor_26\26_01_01_01_dead_neutral.wav,neutral
420,data/training\Actor_26\26_01_01_01_death_neutral.wav,neutral
421,data/training\Actor_26\26_01_01_01_deep_neutral.wav,neutral
422,data/training\Actor_26\26_01_01_01_dime_neutral.wav,neutral
423,data/training\Actor_26\26_01_01_01_dip_neutral.wav,neutral
424,data/training\Actor_26\26_01_01_01_ditch_neutral.wav,neutral
425,data/training\Actor_26\26_01_01_01_dodge_neutral.wav,neutral
426,data/training\Actor_26\26_01_01_01_dog_neutral.wav,neutral
427,data/training\Actor_26\26_01_01_01_doll_neutral.wav,neutral
428,data/training\Actor_26\26_01_01_01_door_neutral.wav,neutral
429,data/training\Actor_26\26_01_01_01_fail_neutral.wav,neutral
430,data/training\Actor_26\26_01_01_01_fall_neutral.wav,neutral
431,data/training\Actor_26\26_01_01_01_far_neutral.wav,neutral
432,data/training\Actor_26\26_01_01_01_fat_neutral.wav,neutral
433,data/training\Actor_26\26_01_01_01_fit_neutral.wav,neutral
434,data/training\Actor_26\26_01_01_01_five_neutral.wav,neutral
435,data/training\Actor_26\26_01_01_01_food_neutral.wav,neutral
436,data/training\Actor_26\26_01_01_01_gap_neutral.wav,neutral
437,data/training\Actor_26\26_01_01_01_gas_neutral.wav,neutral
438,data/training\Actor_26\26_01_01_01_gaze_neutral.wav,neutral
439,data/training\Actor_26\26_01_01_01_germ_neutral.wav,neutral
440,data/training\Actor_26\26_01_01_01_get_neutral.wav,neutral
441,data/training\Actor_26\26_01_01_01_gin_neutral.wav,neutral
442,data/training\Actor_26\26_01_01_01_goal_neutral.wav,neutral
443,data/training\Actor_26\26_01_01_01_good_neutral.wav,neutral
444,data/training\Actor_26\26_01_01_01_goose_neutral.wav,neutral
445,data/training\Actor_26\26_01_01_01_gun_neutral.wav,neutral
446,data/training\Actor_26\26_01_01_01_half_neutral.wav,neutral
447,data/training\Actor_26\26_01_01_01_hall_neutral.wav,neutral
448,data/training\Actor_26\26_01_01_01_hash_neutral.wav,neutral
449,data/training\Actor_26\26_01_01_01_hate_neutral.wav,neutral
450,data/training\Actor_26\26_01_01_01_have_neutral.wav,neutral
451,data/training\Actor_26\26_01_01_01_haze_neutral.wav,neutral
452,data/training\Actor_26\26_01_01_01_hire_neutral.wav,neutral
453,data/training\Actor_26\26_01_01_01_hit_neutral.wav,neutral
454,data/training\Actor_26\26_01_01_01_hole_neutral.wav,neutral
455,data/training\Actor_26\26_01_01_01_home_neutral.wav,neutral
456,data/training\Actor_26\26_01_01_01_hurl_neutral.wav,neutral
457,data/training\Actor_26\26_01_01_01_hush_neutral.wav,neutral
458,data/training\Actor_26\26_01_01_01_jail_neutral.wav,neutral
459,data/training\Actor_26\26_01_01_01_keep_neutral.wav,neutral
460,data/training\Actor_26\26_01_01_01_keg_neutral.wav,neutral
461,data/training\Actor_26\26_01_01_01_kick_neutral.wav,neutral
462,data/training\Actor_26\26_01_01_01_kill_neutral.wav,neutral
463,data/training\Actor_26\26_01_01_01_king_neutral.wav,neutral
464,data/training\Actor_26\26_01_01_01_kite_neutral.wav,neutral
465,data/training\Actor_26\26_01_01_01_knock_neutral.wav,neutral
466,data/training\Actor_26\26_01_01_01_late_neutral.wav,neutral
467,data/training\Actor_26\26_01_01_01_laud_neutral.wav,neutral
468,data/training\Actor_26\26_01_01_01_lean_neutral.wav,neutral
469,data/training\Actor_26\26_01_01_01_learn_neutral.wav,neutral
470,data/training\Actor_26\26_01_01_01_lease_neutral.wav,neutral
471,data/training\Actor_26\26_01_01_01_lid_neutral.wav,neutral
472,data/training\Actor_26\26_01_01_01_life_neutral.wav,neutral
473,data/training\Actor_26\26_01_01_01_limb_neutral.wav,neutral
474,data/training\Actor_26\26_01_01_01_live_neutral.wav,neutral
475,data/training\Actor_26\26_01_01_01_loaf_neutral.wav,neutral
476,data/training\Actor_26\26_01_01_01_long_neutral.wav,neutral
477,data/training\Actor_26\26_01_01_01_lore_neutral.wav,neutral
478,data/training\Actor_26\26_01_01_01_lose_neutral.wav,neutral
479,data/training\Actor_26\26_01_01_01_lot_neutral.wav,neutral
480,data/training\Actor_26\26_01_01_01_love_neutral.wav,neutral
481,data/training\Actor_26\26_01_01_01_luck_neutral.wav,neutral
482,data/training\Actor_26\26_01_01_01_make_neutral.wav,neutral
483,data/training\Actor_26\26_01_01_01_match_neutral.wav,neutral
484,data/training\Actor_26\26_01_01_01_merge_neutral.wav,neutral
485,data/training\Actor_26\26_01_01_01_mess_neutral.wav,neutral
486,data/training\Actor_26\26_01_01_01_met_neutral.wav,neutral
487,data/training\Actor_26\26_01_01_01_mill_neutral.wav,neutral
488,data/training\Actor_26\26_01_01_01_mob_neutral.wav,neutral
489,data/training\Actor_26\26_01_01_01_mode_neutral.wav,neutral
490,data/training\Actor_26\26_01_01_01_mood_neutral.wav,neutral
491,data/training\Actor_26\26_01_01_01_moon_neutral.wav,neutral
492,data/training\Actor_26\26_01_01_01_mop_neutral.wav,neutral
493,data/training\Actor_26\26_01_01_01_mouse_neutral.wav,neutral
494,data/training\Actor_26\26_01_01_01_nag_neutral.wav,neutral
495,data/training\Actor_26\26_01_01_01_name_neutral.wav,neutral
496,data/training\Actor_26\26_01_01_01_near_neutral.wav,neutral
497,data/training\Actor_26\26_01_01_01_neat_neutral.wav,neutral
498,data/training\Actor_26\26_01_01_01_nice_neutral.wav,neutral
499,data/training\Actor_26\26_01_01_01_note_neutral.wav,neutral
500,data/training\Actor_26\26_01_01_01_numb_neutral.wav,neutral
501,data/training\Actor_26\26_01_01_01_pad_neutral.wav,neutral
502,data/training\Actor_26\26_01_01_01_page_neutral.wav,neutral
503,data/training\Actor_26\26_01_01_01_pain_neutral.wav,neutral
504,data/training\Actor_26\26_01_01_01_pass_neutral.wav,neutral
505,data/training\Actor_26\26_01_01_01_pearl_neutral.wav,neutral
506,data/training\Actor_26\26_01_01_01_peg_neutral.wav,neutral
507,data/training\Actor_26\26_01_01_01_perch_neutral.wav,neutral
508,data/training\Actor_26\26_01_01_01_phone_neutral.wav,neutral
509,data/training\Actor_26\26_01_01_01_pick_neutral.wav,neutral
510,data/training\Actor_26\26_01_01_01_pike_neutral.wav,neutral
511,data/training\Actor_26\26_01_01_01_pole_neutral.wav,neutral
512,data/training\Actor_26\26_01_01_01_pool_neutral.wav,neutral
513,data/training\Actor_26\26_01_01_01_puff_neutral.wav,neutral
514,data/training\Actor_26\26_01_01_01_rag_neutral.wav,neutral
515,data/training\Actor_26\26_01_01_01_raid_neutral.wav,neutral
516,data/training\Actor_26\26_01_01_01_rain_neutral.wav,neutral
517,data/training\Actor_26\26_01_01_01_raise_neutral.wav,neutral
518,data/training\Actor_26\26_01_01_01_rat_neutral.wav,neutral
519,data/training\Actor_26\26_01_01_01_reach_neutral.wav,neutral
520,data/training\Actor_26\26_01_01_01_read_neutral.wav,neutral
521,data/training\Actor_26\26_01_01_01_red_neutral.wav,neutral
522,data/training\Actor_26\26_01_01_01_ring_neutral.wav,neutral
523,data/training\Actor_26\26_01_01_01_ripe_neutral.wav,neutral
524,data/training\Actor_26\26_01_01_01_road_neutral.wav,neutral
525,data/training\Actor_26\26_01_01_01_room_neutral.wav,neutral
526,data/training\Actor_26\26_01_01_01_rose_neutral.wav,neutral
527,data/training\Actor_26\26_01_01_01_rot_neutral.wav,neutral
528,data/training\Actor_26\26_01_01_01_rough_neutral.wav,neutral
529,data/training\Actor_26\26_01_01_01_rush_neutral.wav,neutral
530,data/training\Actor_26\26_01_01_01_said_neutral.wav,neutral
531,data/training\Actor_26\26_01_01_01_sail_neutral.wav,neutral
532,data/training\Actor_26\26_01_01_01_search_neutral.wav,neutral
533,data/training\Actor_26\26_01_01_01_seize_neutral.wav,neutral
534,data/training\Actor_26\26_01_01_01_sell_neutral.wav,neutral
535,data/training\Actor_26\26_01_01_01_shack_neutral.wav,neutral
536,data/training\Actor_26\26_01_01_01_shall_neutral.wav,neutral
537,data/training\Actor_26\26_01_01_01_shawl_neutral.wav,neutral
538,data/training\Actor_26\26_01_01_01_sheep_neutral.wav,neutral
539,data/training\Actor_26\26_01_01_01_shirt_neutral.wav,neutral
540,data/training\Actor_26\26_01_01_01_should_neutral.wav,neutral
541,data/training\Actor_26\26_01_01_01_shout_neutral.wav,neutral
542,data/training\Actor_26\26_01_01_01_size_neutral.wav,neutral
543,data/training\Actor_26\26_01_01_01_soap_neutral.wav,neutral
544,data/training\Actor_26\26_01_01_01_soup_neutral.wav,neutral
545,data/training\Actor_26\26_01_01_01_sour_neutral.wav,neutral
546,data/training\Actor_26\26_01_01_01_south_neutral.wav,neutral
547,data/training\Actor_26\26_01_01_01_sub_neutral.wav,neutral
548,data/training\Actor_26\26_01_01_01_such_neutral.wav,neutral
549,data/training\Actor_26\26_01_01_01_sure_neutral.wav,neutral
550,data/training\Actor_26\26_01_01_01_take_neutral.wav,neutral
551,data/training\Actor_26\26_01_01_01_talk_neutral.wav,neutral
552,data/training\Actor_26\26_01_01_01_tape_neutral.wav,neutral
553,data/training\Actor_26\26_01_01_01_team_neutral.wav,neutral
554,data/training\Actor_26\26_01_01_01_tell_neutral.wav,neutral
555,data/training\Actor_26\26_01_01_01_thin_neutral.wav,neutral
556,data/training\Actor_26\26_01_01_01_third_neutral.wav,neutral
557,data/training\Actor_26\26_01_01_01_thought_neutral.wav,neutral
558,data/training\Actor_26\26_01_01_01_thumb_neutral.wav,neutral
559,data/training\Actor_26\26_01_01_01_time_neutral.wav,neutral
560,data/training\Actor_26\26_01_01_01_tip_neutral.wav,neutral
561,data/training\Actor_26\26_01_01_01_tire_neutral.wav,neutral
562,data/training\Actor_26\26_01_01_01_ton_neutral.wav,neutral
563,data/training\Actor_26\26_01_01_01_tool_neutral.wav,neutral
564,data/training\Actor_26\26_01_01_01_tough_neutral.wav,neutral
565,data/training\Actor_26\26_01_01_01_turn_neutral.wav,neutral
566,data/training\Actor_26\26_01_01_01_vine_neutral.wav,neutral
567,data/training\Actor_26\26_01_01_01_voice_neutral.wav,neutral
568,data/training\Actor_26\26_01_01_01_void_neutral.wav,neutral
569,data/training\Actor_26\26_01_01_01_vote_neutral.wav,neutral
570,data/training\Actor_26\26_01_01_01_wag_neutral.wav,neutral
571,data/training\Actor_26\26_01_01_01_walk_neutral.wav,neutral
572,data/training\Actor_26\26_01_01_01_wash_neutral.wav,neutral
573,data/training\Actor_26\26_01_01_01_week_neutral.wav,neutral
574,data/training\Actor_26\26_01_01_01_wheat_neutral.wav,neutral
575,data/training\Actor_26\26_01_01_01_when_neutral.wav,neutral
576,data/training\Actor_26\26_01_01_01_which_neutral.wav,neutral
577,data/training\Actor_26\26_01_01_01_whip_neutral.wav,neutral
578,data/training\Actor_26\26_01_01_01_white_neutral.wav,neutral
579,data/training\Actor_26\26_01_01_01_wife_neutral.wav,neutral
580,data/training\Actor_26\26_01_01_01_wire_neutral.wav,neutral
581,data/training\Actor_26\26_01_01_01_witch_neutral.wav,neutral
582,data/training\Actor_26\26_01_01_01_yearn_neutral.wav,neutral
583,data/training\Actor_26\26_01_01_01_yes_neutral.wav,neutral
584,data/training\Actor_26\26_01_01_01_young_neutral.wav,neutral
585,data/training\Actor_26\26_01_01_01_youth_neutral.wav,neutral
586,data/training\Actor_01\01_01_01_01_dogs-sitting_fear.wav,fear
587,data/training\Actor_01\01_01_01_01_kids-talking_fear.wav,fear
588,data/training\Actor_01\01_01_01_02_dogs-sitting_fear.wav,fear
589,data/training\Actor_01\01_01_01_02_kids-talking_fear.wav,fear
590,data/training\Actor_01\01_01_02_01_dogs-sitting_fear.wav,fear
591,data/training\Actor_01\01_01_02_01_kids-talking_fear.wav,fear
592,data/training\Actor_01\01_01_02_02_dogs-sitting_fear.wav,fear
593,data/training\Actor_01\01_01_02_02_kids-talking_fear.wav,fear
594,data/training\Actor_01\01_02_01_01_dogs-sitting_fear.wav,fear
595,data/training\Actor_01\01_02_01_01_kids-talking_fear.wav,fear
596,data/training\Actor_01\01_02_01_02_dogs-sitting_fear.wav,fear
597,data/training\Actor_01\01_02_01_02_kids-talking_fear.wav,fear
598,data/training\Actor_01\01_02_02_01_dogs-sitting_fear.wav,fear
599,data/training\Actor_01\01_02_02_01_kids-talking_fear.wav,fear
600,data/training\Actor_01\01_02_02_02_dogs-sitting_fear.wav,fear
601,data/training\Actor_01\01_02_02_02_kids-talking_fear.wav,fear
602,data/training\Actor_01\03-02-06-01-01-01-01_fear.wav,fear
603,data/training\Actor_01\03-02-06-01-01-02-01_fear.wav,fear
604,data/training\Actor_01\03-02-06-01-02-01-01_fear.wav,fear
605,data/training\Actor_01\03-02-06-01-02-02-01_fear.wav,fear
606,data/training\Actor_01\03-02-06-02-01-01-01_fear.wav,fear
607,data/training\Actor_01\03-02-06-02-01-02-01_fear.wav,fear
608,data/training\Actor_01\03-02-06-02-02-01-01_fear.wav,fear
609,data/training\Actor_01\03-02-06-02-02-02-01_fear.wav,fear
610,data/training\Actor_02\02_01_01_01_dogs-sitting_fear.wav,fear
611,data/training\Actor_02\02_01_01_01_kids-talking_fear.wav,fear
612,data/training\Actor_02\02_01_01_02_dogs-sitting_fear.wav,fear
613,data/training\Actor_02\02_01_01_02_kids-talking_fear.wav,fear
614,data/training\Actor_02\02_01_02_01_dogs-sitting_fear.wav,fear
615,data/training\Actor_02\02_01_02_01_kids-talking_fear.wav,fear
616,data/training\Actor_02\02_01_02_02_dogs-sitting_fear.wav,fear
617,data/training\Actor_02\02_01_02_02_kids-talking_fear.wav,fear
618,data/training\Actor_02\02_02_01_01_dogs-sitting_fear.wav,fear
619,data/training\Actor_02\02_02_01_01_kids-talking_fear.wav,fear
620,data/training\Actor_02\02_02_01_02_dogs-sitting_fear.wav,fear
621,data/training\Actor_02\02_02_01_02_kids-talking_fear.wav,fear
622,data/training\Actor_02\02_02_02_01_dogs-sitting_fear.wav,fear
623,data/training\Actor_02\02_02_02_01_kids-talking_fear.wav,fear
624,data/training\Actor_02\02_02_02_02_dogs-sitting_fear.wav,fear
625,data/training\Actor_02\02_02_02_02_kids-talking_fear.wav,fear
626,data/training\Actor_02\03-02-06-01-01-01-02_fear.wav,fear
627,data/training\Actor_02\03-02-06-01-01-02-02_fear.wav,fear
628,data/training\Actor_02\03-02-06-01-02-01-02_fear.wav,fear
629,data/training\Actor_02\03-02-06-01-02-02-02_fear.wav,fear
630,data/training\Actor_02\03-02-06-02-01-01-02_fear.wav,fear
631,data/training\Actor_02\03-02-06-02-01-02-02_fear.wav,fear
632,data/training\Actor_02\03-02-06-02-02-01-02_fear.wav,fear
633,data/training\Actor_02\03-02-06-02-02-02-02_fear.wav,fear
634,data/training\Actor_03\03-02-06-01-01-01-03_fear.wav,fear
635,data/training\Actor_03\03-02-06-01-01-02-03_fear.wav,fear
636,data/training\Actor_03\03-02-06-01-02-01-03_fear.wav,fear
637,data/training\Actor_03\03-02-06-01-02-02-03_fear.wav,fear
638,data/training\Actor_03\03-02-06-02-01-01-03_fear.wav,fear
639,data/training\Actor_03\03-02-06-02-01-02-03_fear.wav,fear
640,data/training\Actor_03\03-02-06-02-02-01-03_fear.wav,fear
641,data/training\Actor_03\03-02-06-02-02-02-03_fear.wav,fear
642,data/training\Actor_03\03_01_01_01_dogs-sitting_fear.wav,fear
643,data/training\Actor_03\03_01_01_01_kids-talking_fear.wav,fear
644,data/training\Actor_03\03_01_01_02_dogs-sitting_fear.wav,fear
645,data/training\Actor_03\03_01_01_02_kids-talking_fear.wav,fear
646,data/training\Actor_03\03_01_02_01_dogs-sitting_fear.wav,fear
647,data/training\Actor_03\03_01_02_01_kids-talking_fear.wav,fear
648,data/training\Actor_03\03_01_02_02_dogs-sitting_fear.wav,fear
649,data/training\Actor_03\03_01_02_02_kids-talking_fear.wav,fear
650,data/training\Actor_03\03_02_01_01_dogs-sitting_fear.wav,fear
651,data/training\Actor_03\03_02_01_01_kids-talking_fear.wav,fear
652,data/training\Actor_03\03_02_01_02_dogs-sitting_fear.wav,fear
653,data/training\Actor_03\03_02_01_02_kids-talking_fear.wav,fear
654,data/training\Actor_03\03_02_02_01_dogs-sitting_fear.wav,fear
655,data/training\Actor_03\03_02_02_01_kids-talking_fear.wav,fear
656,data/training\Actor_03\03_02_02_02_dogs-sitting_fear.wav,fear
657,data/training\Actor_03\03_02_02_02_kids-talking_fear.wav,fear
658,data/training\Actor_04\03-02-06-01-01-01-04_fear.wav,fear
659,data/training\Actor_04\03-02-06-01-01-02-04_fear.wav,fear
660,data/training\Actor_04\03-02-06-01-02-01-04_fear.wav,fear
661,data/training\Actor_04\03-02-06-01-02-02-04_fear.wav,fear
662,data/training\Actor_04\03-02-06-02-01-01-04_fear.wav,fear
663,data/training\Actor_04\03-02-06-02-01-02-04_fear.wav,fear
664,data/training\Actor_04\03-02-06-02-02-01-04_fear.wav,fear
665,data/training\Actor_04\03-02-06-02-02-02-04_fear.wav,fear
666,data/training\Actor_04\04_01_01_01_dogs-sitting_fear.wav,fear
667,data/training\Actor_04\04_01_01_01_kids-talking_fear.wav,fear
668,data/training\Actor_04\04_01_01_02_dogs-sitting_fear.wav,fear
669,data/training\Actor_04\04_01_01_02_kids-talking_fear.wav,fear
670,data/training\Actor_04\04_01_02_01_dogs-sitting_fear.wav,fear
671,data/training\Actor_04\04_01_02_01_kids-talking_fear.wav,fear
672,data/training\Actor_04\04_01_02_02_dogs-sitting_fear.wav,fear
673,data/training\Actor_04\04_01_02_02_kids-talking_fear.wav,fear
674,data/training\Actor_04\04_02_01_01_dogs-sitting_fear.wav,fear
675,data/training\Actor_04\04_02_01_01_kids-talking_fear.wav,fear
676,data/training\Actor_04\04_02_01_02_dogs-sitting_fear.wav,fear
677,data/training\Actor_04\04_02_01_02_kids-talking_fear.wav,fear
678,data/training\Actor_04\04_02_02_01_dogs-sitting_fear.wav,fear
679,data/training\Actor_04\04_02_02_01_kids-talking_fear.wav,fear
680,data/training\Actor_04\04_02_02_02_dogs-sitting_fear.wav,fear
681,data/training\Actor_04\04_02_02_02_kids-talking_fear.wav,fear
682,data/training\Actor_05\03-02-06-01-01-01-05_fear.wav,fear
683,data/training\Actor_05\03-02-06-01-01-02-05_fear.wav,fear
684,data/training\Actor_05\03-02-06-01-02-01-05_fear.wav,fear
685,data/training\Actor_05\03-02-06-01-02-02-05_fear.wav,fear
686,data/training\Actor_05\03-02-06-02-01-01-05_fear.wav,fear
687,data/training\Actor_05\03-02-06-02-01-02-05_fear.wav,fear
688,data/training\Actor_05\03-02-06-02-02-01-05_fear.wav,fear
689,data/training\Actor_05\03-02-06-02-02-02-05_fear.wav,fear
690,data/training\Actor_05\05_01_01_01_dogs-sitting_fear.wav,fear
691,data/training\Actor_05\05_01_01_01_kids-talking_fear.wav,fear
692,data/training\Actor_05\05_01_01_02_dogs-sitting_fear.wav,fear
693,data/training\Actor_05\05_01_01_02_kids-talking_fear.wav,fear
694,data/training\Actor_05\05_01_02_01_dogs-sitting_fear.wav,fear
695,data/training\Actor_05\05_01_02_01_kids-talking_fear.wav,fear
696,data/training\Actor_05\05_01_02_02_dogs-sitting_fear.wav,fear
697,data/training\Actor_05\05_01_02_02_kids-talking_fear.wav,fear
698,data/training\Actor_05\05_02_01_01_dogs-sitting_fear.wav,fear
699,data/training\Actor_05\05_02_01_01_kids-talking_fear.wav,fear
700,data/training\Actor_05\05_02_01_02_dogs-sitting_fear.wav,fear
701,data/training\Actor_05\05_02_01_02_kids-talking_fear.wav,fear
702,data/training\Actor_05\05_02_02_01_dogs-sitting_fear.wav,fear
703,data/training\Actor_05\05_02_02_01_kids-talking_fear.wav,fear
704,data/training\Actor_05\05_02_02_02_dogs-sitting_fear.wav,fear
705,data/training\Actor_05\05_02_02_02_kids-talking_fear.wav,fear
706,data/training\Actor_06\03-02-06-01-01-01-06_fear.wav,fear
707,data/training\Actor_06\03-02-06-01-01-02-06_fear.wav,fear
708,data/training\Actor_06\03-02-06-01-02-01-06_fear.wav,fear
709,data/training\Actor_06\03-02-06-01-02-02-06_fear.wav,fear
710,data/training\Actor_06\03-02-06-02-01-01-06_fear.wav,fear
711,data/training\Actor_06\03-02-06-02-01-02-06_fear.wav,fear
712,data/training\Actor_06\03-02-06-02-02-01-06_fear.wav,fear
713,data/training\Actor_06\03-02-06-02-02-02-06_fear.wav,fear
714,data/training\Actor_06\06_01_01_01_dogs-sitting_fear.wav,fear
715,data/training\Actor_06\06_01_01_01_kids-talking_fear.wav,fear
716,data/training\Actor_06\06_01_01_02_dogs-sitting_fear.wav,fear
717,data/training\Actor_06\06_01_01_02_kids-talking_fear.wav,fear
718,data/training\Actor_06\06_01_02_01_dogs-sitting_fear.wav,fear
719,data/training\Actor_06\06_01_02_01_kids-talking_fear.wav,fear
720,data/training\Actor_06\06_01_02_02_dogs-sitting_fear.wav,fear
721,data/training\Actor_06\06_01_02_02_kids-talking_fear.wav,fear
722,data/training\Actor_06\06_02_01_01_dogs-sitting_fear.wav,fear
723,data/training\Actor_06\06_02_01_01_kids-talking_fear.wav,fear
724,data/training\Actor_06\06_02_01_02_dogs-sitting_fear.wav,fear
725,data/training\Actor_06\06_02_01_02_kids-talking_fear.wav,fear
726,data/training\Actor_06\06_02_02_01_dogs-sitting_fear.wav,fear
727,data/training\Actor_06\06_02_02_01_kids-talking_fear.wav,fear
728,data/training\Actor_06\06_02_02_02_dogs-sitting_fear.wav,fear
729,data/training\Actor_06\06_02_02_02_kids-talking_fear.wav,fear
730,data/training\Actor_07\07_01_01_01_dogs-sitting_fear.wav,fear
731,data/training\Actor_07\07_01_01_01_kids-talking_fear.wav,fear
732,data/training\Actor_07\07_01_01_02_dogs-sitting_fear.wav,fear
733,data/training\Actor_07\07_01_01_02_kids-talking_fear.wav,fear
734,data/training\Actor_07\07_01_02_01_dogs-sitting_fear.wav,fear
735,data/training\Actor_07\07_01_02_01_kids-talking_fear.wav,fear
736,data/training\Actor_07\07_01_02_02_dogs-sitting_fear.wav,fear
737,data/training\Actor_07\07_01_02_02_kids-talking_fear.wav,fear
738,data/training\Actor_07\07_02_01_01_dogs-sitting_fear.wav,fear
739,data/training\Actor_07\07_02_01_01_kids-talking_fear.wav,fear
740,data/training\Actor_07\07_02_01_02_dogs-sitting_fear.wav,fear
741,data/training\Actor_07\07_02_01_02_kids-talking_fear.wav,fear
742,data/training\Actor_07\07_02_02_01_dogs-sitting_fear.wav,fear
743,data/training\Actor_07\07_02_02_01_kids-talking_fear.wav,fear
744,data/training\Actor_07\07_02_02_02_dogs-sitting_fear.wav,fear
745,data/training\Actor_07\07_02_02_02_kids-talking_fear.wav,fear
746,data/training\Actor_08\08_01_01_01_dogs-sitting_fear.wav,fear
747,data/training\Actor_08\08_01_01_01_kids-talking_fear.wav,fear
748,data/training\Actor_08\08_01_01_02_dogs-sitting_fear.wav,fear
749,data/training\Actor_08\08_01_01_02_kids-talking_fear.wav,fear
750,data/training\Actor_08\08_01_02_01_dogs-sitting_fear.wav,fear
751,data/training\Actor_08\08_01_02_01_kids-talking_fear.wav,fear
752,data/training\Actor_08\08_01_02_02_dogs-sitting_fear.wav,fear
753,data/training\Actor_08\08_01_02_02_kids-talking_fear.wav,fear
754,data/training\Actor_08\08_02_01_01_dogs-sitting_fear.wav,fear
755,data/training\Actor_08\08_02_01_01_kids-talking_fear.wav,fear
756,data/training\Actor_08\08_02_01_02_dogs-sitting_fear.wav,fear
757,data/training\Actor_08\08_02_01_02_kids-talking_fear.wav,fear
758,data/training\Actor_08\08_02_02_01_dogs-sitting_fear.wav,fear
759,data/training\Actor_08\08_02_02_01_kids-talking_fear.wav,fear
760,data/training\Actor_08\08_02_02_02_dogs-sitting_fear.wav,fear
761,data/training\Actor_08\08_02_02_02_kids-talking_fear.wav,fear
762,data/training\Actor_09\09_01_01_01_dogs-sitting_fear.wav,fear
763,data/training\Actor_09\09_01_01_01_kids-talking_fear.wav,fear
764,data/training\Actor_09\09_01_01_02_dogs-sitting_fear.wav,fear
765,data/training\Actor_09\09_01_01_02_kids-talking_fear.wav,fear
766,data/training\Actor_09\09_01_02_01_dogs-sitting_fear.wav,fear
767,data/training\Actor_09\09_01_02_01_kids-talking_fear.wav,fear
768,data/training\Actor_09\09_01_02_02_dogs-sitting_fear.wav,fear
769,data/training\Actor_09\09_01_02_02_kids-talking_fear.wav,fear
770,data/training\Actor_09\09_02_01_01_dogs-sitting_fear.wav,fear
771,data/training\Actor_09\09_02_01_01_kids-talking_fear.wav,fear
772,data/training\Actor_09\09_02_01_02_dogs-sitting_fear.wav,fear
773,data/training\Actor_09\09_02_01_02_kids-talking_fear.wav,fear
774,data/training\Actor_09\09_02_02_01_dogs-sitting_fear.wav,fear
775,data/training\Actor_09\09_02_02_01_kids-talking_fear.wav,fear
776,data/training\Actor_09\09_02_02_02_dogs-sitting_fear.wav,fear
777,data/training\Actor_09\09_02_02_02_kids-talking_fear.wav,fear
778,data/training\Actor_10\10_01_01_01_dogs-sitting_fear.wav,fear
779,data/training\Actor_10\10_01_01_01_kids-talking_fear.wav,fear
780,data/training\Actor_10\10_01_01_02_dogs-sitting_fear.wav,fear
781,data/training\Actor_10\10_01_01_02_kids-talking_fear.wav,fear
782,data/training\Actor_10\10_01_02_01_dogs-sitting_fear.wav,fear
783,data/training\Actor_10\10_01_02_01_kids-talking_fear.wav,fear
784,data/training\Actor_10\10_01_02_02_dogs-sitting_fear.wav,fear
785,data/training\Actor_10\10_01_02_02_kids-talking_fear.wav,fear
786,data/training\Actor_10\10_02_01_01_dogs-sitting_fear.wav,fear
787,data/training\Actor_10\10_02_01_01_kids-talking_fear.wav,fear
788,data/training\Actor_10\10_02_01_02_dogs-sitting_fear.wav,fear
789,data/training\Actor_10\10_02_01_02_kids-talking_fear.wav,fear
790,data/training\Actor_10\10_02_02_01_dogs-sitting_fear.wav,fear
791,data/training\Actor_10\10_02_02_01_kids-talking_fear.wav,fear
792,data/training\Actor_10\10_02_02_02_dogs-sitting_fear.wav,fear
793,data/training\Actor_10\10_02_02_02_kids-talking_fear.wav,fear
794,data/training\Actor_11\03-02-06-01-01-01-11_fear.wav,fear
795,data/training\Actor_11\03-02-06-01-01-02-11_fear.wav,fear
796,data/training\Actor_11\03-02-06-01-02-01-11_fear.wav,fear
797,data/training\Actor_11\03-02-06-01-02-02-11_fear.wav,fear
798,data/training\Actor_11\03-02-06-02-01-01-11_fear.wav,fear
799,data/training\Actor_11\03-02-06-02-01-02-11_fear.wav,fear
800,data/training\Actor_11\03-02-06-02-02-01-11_fear.wav,fear
801,data/training\Actor_11\03-02-06-02-02-02-11_fear.wav,fear
802,data/training\Actor_11\11_01_01_01_dogs-sitting_fear.wav,fear
803,data/training\Actor_11\11_01_01_01_kids-talking_fear.wav,fear
804,data/training\Actor_11\11_01_01_02_dogs-sitting_fear.wav,fear
805,data/training\Actor_11\11_01_01_02_kids-talking_fear.wav,fear
806,data/training\Actor_11\11_01_02_01_dogs-sitting_fear.wav,fear
807,data/training\Actor_11\11_01_02_01_kids-talking_fear.wav,fear
808,data/training\Actor_11\11_01_02_02_dogs-sitting_fear.wav,fear
809,data/training\Actor_11\11_01_02_02_kids-talking_fear.wav,fear
810,data/training\Actor_11\11_02_01_01_dogs-sitting_fear.wav,fear
811,data/training\Actor_11\11_02_01_01_kids-talking_fear.wav,fear
812,data/training\Actor_11\11_02_01_02_dogs-sitting_fear.wav,fear
813,data/training\Actor_11\11_02_01_02_kids-talking_fear.wav,fear
814,data/training\Actor_11\11_02_02_01_dogs-sitting_fear.wav,fear
815,data/training\Actor_11\11_02_02_01_kids-talking_fear.wav,fear
816,data/training\Actor_11\11_02_02_02_dogs-sitting_fear.wav,fear
817,data/training\Actor_11\11_02_02_02_kids-talking_fear.wav,fear
818,data/training\Actor_12\03-02-06-01-01-01-12_fear.wav,fear
819,data/training\Actor_12\03-02-06-01-01-02-12_fear.wav,fear
820,data/training\Actor_12\03-02-06-01-02-01-12_fear.wav,fear
821,data/training\Actor_12\03-02-06-01-02-02-12_fear.wav,fear
822,data/training\Actor_12\03-02-06-02-01-01-12_fear.wav,fear
823,data/training\Actor_12\03-02-06-02-01-02-12_fear.wav,fear
824,data/training\Actor_12\03-02-06-02-02-01-12_fear.wav,fear
825,data/training\Actor_12\03-02-06-02-02-02-12_fear.wav,fear
826,data/training\Actor_12\12_01_01_01_dogs-sitting_fear.wav,fear
827,data/training\Actor_12\12_01_01_01_kids-talking_fear.wav,fear
828,data/training\Actor_12\12_01_01_02_dogs-sitting_fear.wav,fear
829,data/training\Actor_12\12_01_01_02_kids-talking_fear.wav,fear
830,data/training\Actor_12\12_01_02_01_dogs-sitting_fear.wav,fear
831,data/training\Actor_12\12_01_02_01_kids-talking_fear.wav,fear
832,data/training\Actor_12\12_01_02_02_dogs-sitting_fear.wav,fear
833,data/training\Actor_12\12_01_02_02_kids-talking_fear.wav,fear
834,data/training\Actor_12\12_02_01_01_dogs-sitting_fear.wav,fear
835,data/training\Actor_12\12_02_01_01_kids-talking_fear.wav,fear
836,data/training\Actor_12\12_02_01_02_dogs-sitting_fear.wav,fear
837,data/training\Actor_12\12_02_01_02_kids-talking_fear.wav,fear
838,data/training\Actor_12\12_02_02_01_dogs-sitting_fear.wav,fear
839,data/training\Actor_12\12_02_02_01_kids-talking_fear.wav,fear
840,data/training\Actor_12\12_02_02_02_dogs-sitting_fear.wav,fear
841,data/training\Actor_12\12_02_02_02_kids-talking_fear.wav,fear
842,data/training\Actor_13\03-02-06-01-01-01-13_fear.wav,fear
843,data/training\Actor_13\03-02-06-01-01-02-13_fear.wav,fear
844,data/training\Actor_13\03-02-06-01-02-01-13_fear.wav,fear
845,data/training\Actor_13\03-02-06-01-02-02-13_fear.wav,fear
846,data/training\Actor_13\03-02-06-02-01-01-13_fear.wav,fear
847,data/training\Actor_13\03-02-06-02-01-02-13_fear.wav,fear
848,data/training\Actor_13\03-02-06-02-02-01-13_fear.wav,fear
849,data/training\Actor_13\03-02-06-02-02-02-13_fear.wav,fear
850,data/training\Actor_13\13_01_01_01_dogs-sitting_fear.wav,fear
851,data/training\Actor_13\13_01_01_01_kids-talking_fear.wav,fear
852,data/training\Actor_13\13_01_01_02_dogs-sitting_fear.wav,fear
853,data/training\Actor_13\13_01_01_02_kids-talking_fear.wav,fear
854,data/training\Actor_13\13_01_02_01_dogs-sitting_fear.wav,fear
855,data/training\Actor_13\13_01_02_01_kids-talking_fear.wav,fear
856,data/training\Actor_13\13_01_02_02_dogs-sitting_fear.wav,fear
857,data/training\Actor_13\13_01_02_02_kids-talking_fear.wav,fear
858,data/training\Actor_13\13_02_01_01_dogs-sitting_fear.wav,fear
859,data/training\Actor_13\13_02_01_01_kids-talking_fear.wav,fear
860,data/training\Actor_13\13_02_01_02_dogs-sitting_fear.wav,fear
861,data/training\Actor_13\13_02_01_02_kids-talking_fear.wav,fear
862,data/training\Actor_13\13_02_02_01_dogs-sitting_fear.wav,fear
863,data/training\Actor_13\13_02_02_01_kids-talking_fear.wav,fear
864,data/training\Actor_13\13_02_02_02_dogs-sitting_fear.wav,fear
865,data/training\Actor_13\13_02_02_02_kids-talking_fear.wav,fear
866,data/training\Actor_14\03-02-06-01-01-01-14_fear.wav,fear
867,data/training\Actor_14\03-02-06-01-01-02-14_fear.wav,fear
868,data/training\Actor_14\03-02-06-01-02-01-14_fear.wav,fear
869,data/training\Actor_14\03-02-06-01-02-02-14_fear.wav,fear
870,data/training\Actor_14\03-02-06-02-01-01-14_fear.wav,fear
871,data/training\Actor_14\03-02-06-02-01-02-14_fear.wav,fear
872,data/training\Actor_14\03-02-06-02-02-01-14_fear.wav,fear
873,data/training\Actor_14\03-02-06-02-02-02-14_fear.wav,fear
874,data/training\Actor_14\14_02_01_01_dogs-sitting_fear.wav,fear
875,data/training\Actor_14\14_02_01_01_kids-talking_fear.wav,fear
876,data/training\Actor_14\14_02_01_02_dogs-sitting_fear.wav,fear
877,data/training\Actor_14\14_02_01_02_kids-talking_fear.wav,fear
878,data/training\Actor_14\14_02_02_01_dogs-sitting_fear.wav,fear
879,data/training\Actor_14\14_02_02_01_kids-talking_fear.wav,fear
880,data/training\Actor_14\14_02_02_02_dogs-sitting_fear.wav,fear
881,data/training\Actor_14\14_02_02_02_kids-talking_fear.wav,fear
882,data/training\Actor_15\03-02-06-01-01-01-15_fear.wav,fear
883,data/training\Actor_15\03-02-06-01-01-02-15_fear.wav,fear
884,data/training\Actor_15\03-02-06-01-02-01-15_fear.wav,fear
885,data/training\Actor_15\03-02-06-01-02-02-15_fear.wav,fear
886,data/training\Actor_15\03-02-06-02-01-01-15_fear.wav,fear
887,data/training\Actor_15\03-02-06-02-01-02-15_fear.wav,fear
888,data/training\Actor_15\03-02-06-02-02-01-15_fear.wav,fear
889,data/training\Actor_15\03-02-06-02-02-02-15_fear.wav,fear
890,data/training\Actor_15\15_02_01_01_dogs-sitting_fear.wav,fear
891,data/training\Actor_15\15_02_01_01_kids-talking_fear.wav,fear
892,data/training\Actor_15\15_02_01_02_dogs-sitting_fear.wav,fear
893,data/training\Actor_15\15_02_01_02_kids-talking_fear.wav,fear
894,data/training\Actor_15\15_02_02_01_dogs-sitting_fear.wav,fear
895,data/training\Actor_15\15_02_02_01_kids-talking_fear.wav,fear
896,data/training\Actor_15\15_02_02_02_dogs-sitting_fear.wav,fear
897,data/training\Actor_15\15_02_02_02_kids-talking_fear.wav,fear
898,data/training\Actor_16\03-02-06-01-01-01-16_fear.wav,fear
899,data/training\Actor_16\03-02-06-01-01-02-16_fear.wav,fear
900,data/training\Actor_16\03-02-06-01-02-01-16_fear.wav,fear
901,data/training\Actor_16\03-02-06-01-02-02-16_fear.wav,fear
902,data/training\Actor_16\03-02-06-02-01-01-16_fear.wav,fear
903,data/training\Actor_16\03-02-06-02-01-02-16_fear.wav,fear
904,data/training\Actor_16\03-02-06-02-02-01-16_fear.wav,fear
905,data/training\Actor_16\03-02-06-02-02-02-16_fear.wav,fear
906,data/training\Actor_16\16_02_01_01_dogs-sitting_fear.wav,fear
907,data/training\Actor_16\16_02_01_01_kids-talking_fear.wav,fear
908,data/training\Actor_16\16_02_01_02_dogs-sitting_fear.wav,fear
909,data/training\Actor_16\16_02_01_02_kids-talking_fear.wav,fear
910,data/training\Actor_16\16_02_02_01_dogs-sitting_fear.wav,fear
911,data/training\Actor_16\16_02_02_01_kids-talking_fear.wav,fear
912,data/training\Actor_16\16_02_02_02_dogs-sitting_fear.wav,fear
913,data/training\Actor_16\16_02_02_02_kids-talking_fear.wav,fear
914,data/training\Actor_17\03-02-06-01-01-01-17_fear.wav,fear
915,data/training\Actor_17\03-02-06-01-01-02-17_fear.wav,fear
916,data/training\Actor_17\03-02-06-01-02-01-17_fear.wav,fear
917,data/training\Actor_17\03-02-06-01-02-02-17_fear.wav,fear
918,data/training\Actor_17\03-02-06-02-01-01-17_fear.wav,fear
919,data/training\Actor_17\03-02-06-02-01-02-17_fear.wav,fear
920,data/training\Actor_17\03-02-06-02-02-01-17_fear.wav,fear
921,data/training\Actor_17\03-02-06-02-02-02-17_fear.wav,fear
922,data/training\Actor_17\17_02_01_01_dogs-sitting_fear.wav,fear
923,data/training\Actor_17\17_02_01_01_kids-talking_fear.wav,fear
924,data/training\Actor_17\17_02_01_02_dogs-sitting_fear.wav,fear
925,data/training\Actor_17\17_02_01_02_kids-talking_fear.wav,fear
926,data/training\Actor_17\17_02_02_01_dogs-sitting_fear.wav,fear
927,data/training\Actor_17\17_02_02_01_kids-talking_fear.wav,fear
928,data/training\Actor_17\17_02_02_02_dogs-sitting_fear.wav,fear
929,data/training\Actor_17\17_02_02_02_kids-talking_fear.wav,fear
930,data/training\Actor_18\18_01_01_01_dogs-sitting_fear.wav,fear
931,data/training\Actor_18\18_01_01_01_kids-talking_fear.wav,fear
932,data/training\Actor_18\18_01_01_02_dogs-sitting_fear.wav,fear
933,data/training\Actor_18\18_01_01_02_kids-talking_fear.wav,fear
934,data/training\Actor_18\18_01_02_01_dogs-sitting_fear.wav,fear
935,data/training\Actor_18\18_01_02_01_kids-talking_fear.wav,fear
936,data/training\Actor_18\18_01_02_02_dogs-sitting_fear.wav,fear
937,data/training\Actor_18\18_01_02_02_kids-talking_fear.wav,fear
938,data/training\Actor_19\03-02-06-01-01-01-19_fear.wav,fear
939,data/training\Actor_19\03-02-06-01-01-02-19_fear.wav,fear
940,data/training\Actor_19\03-02-06-01-02-01-19_fear.wav,fear
941,data/training\Actor_19\03-02-06-01-02-02-19_fear.wav,fear
942,data/training\Actor_19\03-02-06-02-01-01-19_fear.wav,fear
943,data/training\Actor_19\03-02-06-02-01-02-19_fear.wav,fear
944,data/training\Actor_19\03-02-06-02-02-01-19_fear.wav,fear
945,data/training\Actor_19\03-02-06-02-02-02-19_fear.wav,fear
946,data/training\Actor_19\19_01_01_01_dogs-sitting_fear.wav,fear
947,data/training\Actor_19\19_01_01_01_kids-talking_fear.wav,fear
948,data/training\Actor_19\19_01_01_02_dogs-sitting_fear.wav,fear
949,data/training\Actor_19\19_01_01_02_kids-talking_fear.wav,fear
950,data/training\Actor_19\19_01_02_01_dogs-sitting_fear.wav,fear
951,data/training\Actor_19\19_01_02_01_kids-talking_fear.wav,fear
952,data/training\Actor_19\19_01_02_02_dogs-sitting_fear.wav,fear
953,data/training\Actor_19\19_01_02_02_kids-talking_fear.wav,fear
954,data/training\Actor_19\19_02_01_01_dogs-sitting_fear.wav,fear
955,data/training\Actor_19\19_02_01_01_kids-talking_fear.wav,fear
956,data/training\Actor_19\19_02_01_02_dogs-sitting_fear.wav,fear
957,data/training\Actor_19\19_02_01_02_kids-talking_fear.wav,fear
958,data/training\Actor_19\19_02_02_01_dogs-sitting_fear.wav,fear
959,data/training\Actor_19\19_02_02_01_kids-talking_fear.wav,fear
960,data/training\Actor_19\19_02_02_02_dogs-sitting_fear.wav,fear
961,data/training\Actor_19\19_02_02_02_kids-talking_fear.wav,fear
962,data/training\Actor_20\03-02-06-01-01-01-20_fear.wav,fear
963,data/training\Actor_20\03-02-06-01-01-02-20_fear.wav,fear
964,data/training\Actor_20\03-02-06-01-02-01-20_fear.wav,fear
965,data/training\Actor_20\03-02-06-01-02-02-20_fear.wav,fear
966,data/training\Actor_20\03-02-06-02-01-01-20_fear.wav,fear
967,data/training\Actor_20\03-02-06-02-01-02-20_fear.wav,fear
968,data/training\Actor_20\03-02-06-02-02-01-20_fear.wav,fear
969,data/training\Actor_20\03-02-06-02-02-02-20_fear.wav,fear
970,data/training\Actor_20\20_01_01_01_dogs-sitting_fear.wav,fear
971,data/training\Actor_20\20_01_01_01_kids-talking_fear.wav,fear
972,data/training\Actor_20\20_01_01_02_dogs-sitting_fear.wav,fear
973,data/training\Actor_20\20_01_01_02_kids-talking_fear.wav,fear
974,data/training\Actor_20\20_01_02_01_dogs-sitting_fear.wav,fear
975,data/training\Actor_20\20_01_02_01_kids-talking_fear.wav,fear
976,data/training\Actor_20\20_01_02_02_dogs-sitting_fear.wav,fear
977,data/training\Actor_20\20_01_02_02_kids-talking_fear.wav,fear
978,data/training\Actor_21\03-02-06-01-01-01-21_fear.wav,fear
979,data/training\Actor_21\03-02-06-01-01-02-21_fear.wav,fear
980,data/training\Actor_21\03-02-06-01-02-01-21_fear.wav,fear
981,data/training\Actor_21\03-02-06-01-02-02-21_fear.wav,fear
982,data/training\Actor_21\03-02-06-02-01-01-21_fear.wav,fear
983,data/training\Actor_21\03-02-06-02-01-02-21_fear.wav,fear
984,data/training\Actor_21\03-02-06-02-02-01-21_fear.wav,fear
985,data/training\Actor_21\03-02-06-02-02-02-21_fear.wav,fear
986,data/training\Actor_21\21_01_01_01_dogs-sitting_fear.wav,fear
987,data/training\Actor_21\21_01_01_01_kids-talking_fear.wav,fear
988,data/training\Actor_21\21_01_01_02_dogs-sitting_fear.wav,fear
989,data/training\Actor_21\21_01_01_02_kids-talking_fear.wav,fear
990,data/training\Actor_21\21_01_02_01_dogs-sitting_fear.wav,fear
991,data/training\Actor_21\21_01_02_01_kids-talking_fear.wav,fear
992,data/training\Actor_21\21_01_02_02_dogs-sitting_fear.wav,fear
993,data/training\Actor_21\21_01_02_02_kids-talking_fear.wav,fear
994,data/training\Actor_22\03-02-06-01-01-01-22_fear.wav,fear
995,data/training\Actor_22\03-02-06-01-01-02-22_fear.wav,fear
996,data/training\Actor_22\03-02-06-01-02-01-22_fear.wav,fear
997,data/training\Actor_22\03-02-06-01-02-02-22_fear.wav,fear
998,data/training\Actor_22\03-02-06-02-01-01-22_fear.wav,fear
999,data/training\Actor_22\03-02-06-02-01-02-22_fear.wav,fear
1000,data/training\Actor_22\03-02-06-02-02-01-22_fear.wav,fear
1001,data/training\Actor_22\03-02-06-02-02-02-22_fear.wav,fear
1002,data/training\Actor_22\22_01_01_01_dogs-sitting_fear.wav,fear
1003,data/training\Actor_22\22_01_01_01_kids-talking_fear.wav,fear
1004,data/training\Actor_22\22_01_01_02_dogs-sitting_fear.wav,fear
1005,data/training\Actor_22\22_01_01_02_kids-talking_fear.wav,fear
1006,data/training\Actor_22\22_01_02_01_dogs-sitting_fear.wav,fear
1007,data/training\Actor_22\22_01_02_01_kids-talking_fear.wav,fear
1008,data/training\Actor_22\22_01_02_02_dogs-sitting_fear.wav,fear
1009,data/training\Actor_22\22_01_02_02_kids-talking_fear.wav,fear
1010,data/training\Actor_23\03-02-06-01-01-01-23_fear.wav,fear
1011,data/training\Actor_23\03-02-06-01-01-02-23_fear.wav,fear
1012,data/training\Actor_23\03-02-06-01-02-01-23_fear.wav,fear
1013,data/training\Actor_23\03-02-06-01-02-02-23_fear.wav,fear
1014,data/training\Actor_23\03-02-06-02-01-01-23_fear.wav,fear
1015,data/training\Actor_23\03-02-06-02-01-02-23_fear.wav,fear
1016,data/training\Actor_23\03-02-06-02-02-01-23_fear.wav,fear
1017,data/training\Actor_23\03-02-06-02-02-02-23_fear.wav,fear
1018,data/training\Actor_23\23_01_01_01_dogs-sitting_fear.wav,fear
1019,data/training\Actor_23\23_01_01_01_kids-talking_fear.wav,fear
1020,data/training\Actor_23\23_01_01_02_dogs-sitting_fear.wav,fear
1021,data/training\Actor_23\23_01_01_02_kids-talking_fear.wav,fear
1022,data/training\Actor_23\23_01_02_01_dogs-sitting_fear.wav,fear
1023,data/training\Actor_23\23_01_02_01_kids-talking_fear.wav,fear
1024,data/training\Actor_23\23_01_02_02_dogs-sitting_fear.wav,fear
1025,data/training\Actor_23\23_01_02_02_kids-talking_fear.wav,fear
1026,data/training\Actor_24\03-02-06-01-01-01-24_fear.wav,fear
1027,data/training\Actor_24\03-02-06-01-01-02-24_fear.wav,fear
1028,data/training\Actor_24\03-02-06-01-02-01-24_fear.wav,fear
1029,data/training\Actor_24\03-02-06-01-02-02-24_fear.wav,fear
1030,data/training\Actor_24\03-02-06-02-01-01-24_fear.wav,fear
1031,data/training\Actor_24\03-02-06-02-01-02-24_fear.wav,fear
1032,data/training\Actor_24\03-02-06-02-02-01-24_fear.wav,fear
1033,data/training\Actor_24\03-02-06-02-02-02-24_fear.wav,fear
1034,data/training\Actor_24\24_01_01_01_dogs-sitting_fear.wav,fear
1035,data/training\Actor_24\24_01_01_01_kids-talking_fear.wav,fear
1036,data/training\Actor_24\24_01_01_02_dogs-sitting_fear.wav,fear
1037,data/training\Actor_24\24_01_01_02_kids-talking_fear.wav,fear
1038,data/training\Actor_24\24_01_02_01_dogs-sitting_fear.wav,fear
1039,data/training\Actor_24\24_01_02_01_kids-talking_fear.wav,fear
1040,data/training\Actor_24\24_01_02_02_dogs-sitting_fear.wav,fear
1041,data/training\Actor_24\24_01_02_02_kids-talking_fear.wav,fear
1042,data/training\Actor_24\24_02_01_01_dogs-sitting_fear.wav,fear
1043,data/training\Actor_24\24_02_01_01_kids-talking_fear.wav,fear
1044,data/training\Actor_24\24_02_01_02_dogs-sitting_fear.wav,fear
1045,data/training\Actor_24\24_02_01_02_kids-talking_fear.wav,fear
1046,data/training\Actor_24\24_02_02_01_dogs-sitting_fear.wav,fear
1047,data/training\Actor_24\24_02_02_01_kids-talking_fear.wav,fear
1048,data/training\Actor_24\24_02_02_02_dogs-sitting_fear.wav,fear
1049,data/training\Actor_24\24_02_02_02_kids-talking_fear.wav,fear
1050,data/training\Actor_25\25_01_01_01_fat_fear.wav,fear
1051,data/training\Actor_25\25_01_01_01_fit_fear.wav,fear
1052,data/training\Actor_25\25_01_01_01_five_fear.wav,fear
1053,data/training\Actor_25\25_01_01_01_food_fear.wav,fear
1054,data/training\Actor_25\25_01_01_01_gap_fear.wav,fear
1055,data/training\Actor_25\25_01_01_01_gas_fear.wav,fear
1056,data/training\Actor_25\25_01_01_01_gaze_fear.wav,fear
1057,data/training\Actor_25\25_01_01_01_germ_fear.wav,fear
1058,data/training\Actor_25\25_01_01_01_get_fear.wav,fear
1059,data/training\Actor_25\25_01_01_01_gin_fear.wav,fear
1060,data/training\Actor_25\25_01_01_01_goal_fear.wav,fear
1061,data/training\Actor_25\25_01_01_01_good_fear.wav,fear
1062,data/training\Actor_25\25_01_01_01_goose_fear.wav,fear
1063,data/training\Actor_25\25_01_01_01_gun_fear.wav,fear
1064,data/training\Actor_25\25_01_01_01_half_fear.wav,fear
1065,data/training\Actor_25\25_01_01_01_hall_fear.wav,fear
1066,data/training\Actor_25\25_01_01_01_hash_fear.wav,fear
1067,data/training\Actor_25\25_01_01_01_hate_fear.wav,fear
1068,data/training\Actor_25\25_01_01_01_have_fear.wav,fear
1069,data/training\Actor_25\25_01_01_01_haze_fear.wav,fear
1070,data/training\Actor_25\25_01_01_01_hire_fear.wav,fear
1071,data/training\Actor_25\25_01_01_01_hit_fear.wav,fear
1072,data/training\Actor_25\25_01_01_01_hole_fear.wav,fear
1073,data/training\Actor_25\25_01_01_01_home_fear.wav,fear
1074,data/training\Actor_25\25_01_01_01_hurl_fear.wav,fear
1075,data/training\Actor_25\25_01_01_01_hush_fear.wav,fear
1076,data/training\Actor_25\25_01_01_01_jail_fear.wav,fear
1077,data/training\Actor_25\25_01_01_01_jar_fear.wav,fear
1078,data/training\Actor_25\25_01_01_01_join_fear.wav,fear
1079,data/training\Actor_25\25_01_01_01_judge_fear.wav,fear
1080,data/training\Actor_25\25_01_01_01_jug_fear.wav,fear
1081,data/training\Actor_25\25_01_01_01_juice_fear.wav,fear
1082,data/training\Actor_25\25_01_01_01_keen_fear.wav,fear
1083,data/training\Actor_25\25_01_01_01_keep_fear.wav,fear
1084,data/training\Actor_25\25_01_01_01_keg_fear.wav,fear
1085,data/training\Actor_25\25_01_01_01_kick_fear.wav,fear
1086,data/training\Actor_25\25_01_01_01_kill_fear.wav,fear
1087,data/training\Actor_25\25_01_01_01_king_fear.wav,fear
1088,data/training\Actor_25\25_01_01_01_kite_fear.wav,fear
1089,data/training\Actor_25\25_01_01_01_knock_fear.wav,fear
1090,data/training\Actor_25\25_01_01_01_late_fear.wav,fear
1091,data/training\Actor_25\25_01_01_01_laud_fear.wav,fear
1092,data/training\Actor_25\25_01_01_01_lean_fear.wav,fear
1093,data/training\Actor_25\25_01_01_01_learn_fear.wav,fear
1094,data/training\Actor_25\25_01_01_01_lease_fear.wav,fear
1095,data/training\Actor_25\25_01_01_01_lid_fear.wav,fear
1096,data/training\Actor_25\25_01_01_01_life_fear.wav,fear
1097,data/training\Actor_25\25_01_01_01_limb_fear.wav,fear
1098,data/training\Actor_25\25_01_01_01_live_fear.wav,fear
1099,data/training\Actor_25\25_01_01_01_loaf_fear.wav,fear
1100,data/training\Actor_25\25_01_01_01_long_fear.wav,fear
1101,data/training\Actor_25\25_01_01_01_lore_fear.wav,fear
1102,data/training\Actor_25\25_01_01_01_lose_fear.wav,fear
1103,data/training\Actor_25\25_01_01_01_lot_fear.wav,fear
1104,data/training\Actor_25\25_01_01_01_love_fear.wav,fear
1105,data/training\Actor_25\25_01_01_01_luck_fear.wav,fear
1106,data/training\Actor_25\25_01_01_01_make_fear.wav,fear
1107,data/training\Actor_25\25_01_01_01_match_fear.wav,fear
1108,data/training\Actor_25\25_01_01_01_merge_fear.wav,fear
1109,data/training\Actor_25\25_01_01_01_mess_fear.wav,fear
1110,data/training\Actor_25\25_01_01_01_met_fear.wav,fear
1111,data/training\Actor_25\25_01_01_01_mill_fear.wav,fear
1112,data/training\Actor_25\25_01_01_01_mob_fear.wav,fear
1113,data/training\Actor_25\25_01_01_01_mode_fear.wav,fear
1114,data/training\Actor_25\25_01_01_01_mood_fear.wav,fear
1115,data/training\Actor_25\25_01_01_01_moon_fear.wav,fear
1116,data/training\Actor_25\25_01_01_01_mop_fear.wav,fear
1117,data/training\Actor_25\25_01_01_01_mouse_fear.wav,fear
1118,data/training\Actor_25\25_01_01_01_nag_fear.wav,fear
1119,data/training\Actor_25\25_01_01_01_name_fear.wav,fear
1120,data/training\Actor_25\25_01_01_01_near_fear.wav,fear
1121,data/training\Actor_25\25_01_01_01_neat_fear.wav,fear
1122,data/training\Actor_25\25_01_01_01_nice_fear.wav,fear
1123,data/training\Actor_25\25_01_01_01_note_fear.wav,fear
1124,data/training\Actor_25\25_01_01_01_numb_fear.wav,fear
1125,data/training\Actor_25\25_01_01_01_pad_fear.wav,fear
1126,data/training\Actor_25\25_01_01_01_page_fear.wav,fear
1127,data/training\Actor_25\25_01_01_01_pain_fear.wav,fear
1128,data/training\Actor_25\25_01_01_01_pass_fear.wav,fear
1129,data/training\Actor_25\25_01_01_01_pearl_fear.wav,fear
1130,data/training\Actor_25\25_01_01_01_peg_fear.wav,fear
1131,data/training\Actor_25\25_01_01_01_perch_fear.wav,fear
1132,data/training\Actor_25\25_01_01_01_phone_fear.wav,fear
1133,data/training\Actor_25\25_01_01_01_pick_fear.wav,fear
1134,data/training\Actor_25\25_01_01_01_pike_fear.wav,fear
1135,data/training\Actor_25\25_01_01_01_pole_fear.wav,fear
1136,data/training\Actor_25\25_01_01_01_pool_fear.wav,fear
1137,data/training\Actor_25\25_01_01_01_puff_fear.wav,fear
1138,data/training\Actor_25\25_01_01_01_rag_fear.wav,fear
1139,data/training\Actor_25\25_01_01_01_raid_fear.wav,fear
1140,data/training\Actor_25\25_01_01_01_rain_fear.wav,fear
1141,data/training\Actor_25\25_01_01_01_raise_fear.wav,fear
1142,data/training\Actor_25\25_01_01_01_rat_fear.wav,fear
1143,data/training\Actor_25\25_01_01_01_reach_fear.wav,fear
1144,data/training\Actor_25\25_01_01_01_read_fear.wav,fear
1145,data/training\Actor_25\25_01_01_01_red_fear.wav,fear
1146,data/training\Actor_25\25_01_01_01_ring_fear.wav,fear
1147,data/training\Actor_25\25_01_01_01_ripe_fear.wav,fear
1148,data/training\Actor_25\25_01_01_01_road_fear.wav,fear
1149,data/training\Actor_25\25_01_01_01_room_fear.wav,fear
1150,data/training\Actor_25\25_01_01_01_rose_fear.wav,fear
1151,data/training\Actor_25\25_01_01_01_rot_fear.wav,fear
1152,data/training\Actor_25\25_01_01_01_rough_fear.wav,fear
1153,data/training\Actor_25\25_01_01_01_rush_fear.wav,fear
1154,data/training\Actor_25\25_01_01_01_said_fear.wav,fear
1155,data/training\Actor_25\25_01_01_01_sail_fear.wav,fear
1156,data/training\Actor_25\25_01_01_01_search_fear.wav,fear
1157,data/training\Actor_25\25_01_01_01_seize_fear.wav,fear
1158,data/training\Actor_25\25_01_01_01_sell_fear.wav,fear
1159,data/training\Actor_25\25_01_01_01_shack_fear.wav,fear
1160,data/training\Actor_25\25_01_01_01_shall_fear.wav,fear
1161,data/training\Actor_25\25_01_01_01_shawl_fear.wav,fear
1162,data/training\Actor_25\25_01_01_01_sheep_fear.wav,fear
1163,data/training\Actor_25\25_01_01_01_shirt_fear.wav,fear
1164,data/training\Actor_25\25_01_01_01_should_fear.wav,fear
1165,data/training\Actor_25\25_01_01_01_shout_fear.wav,fear
1166,data/training\Actor_25\25_01_01_01_size_fear.wav,fear
1167,data/training\Actor_25\25_01_01_01_soap_fear.wav,fear
1168,data/training\Actor_25\25_01_01_01_soup_fear.wav,fear
1169,data/training\Actor_25\25_01_01_01_sour_fear.wav,fear
1170,data/training\Actor_25\25_01_01_01_south_fear.wav,fear
1171,data/training\Actor_25\25_01_01_01_sub_fear.wav,fear
1172,data/training\Actor_25\25_01_01_01_such_fear.wav,fear
1173,data/training\Actor_25\25_01_01_01_sure_fear.wav,fear
1174,data/training\Actor_25\25_01_01_01_take_fear.wav,fear
1175,data/training\Actor_25\25_01_01_01_talk_fear.wav,fear
1176,data/training\Actor_25\25_01_01_01_tape_fear.wav,fear
1177,data/training\Actor_25\25_01_01_01_team_fear.wav,fear
1178,data/training\Actor_25\25_01_01_01_tell_fear.wav,fear
1179,data/training\Actor_25\25_01_01_01_thin_fear.wav,fear
1180,data/training\Actor_25\25_01_01_01_third_fear.wav,fear
1181,data/training\Actor_25\25_01_01_01_thought_fear.wav,fear
1182,data/training\Actor_25\25_01_01_01_thumb_fear.wav,fear
1183,data/training\Actor_25\25_01_01_01_time_fear.wav,fear
1184,data/training\Actor_25\25_01_01_01_tip_fear.wav,fear
1185,data/training\Actor_25\25_01_01_01_tire_fear.wav,fear
1186,data/training\Actor_25\25_01_01_01_ton_fear.wav,fear
1187,data/training\Actor_25\25_01_01_01_tool_fear.wav,fear
1188,data/training\Actor_25\25_01_01_01_tough_fear.wav,fear
1189,data/training\Actor_25\25_01_01_01_turn_fear.wav,fear
1190,data/training\Actor_25\25_01_01_01_vine_fear.wav,fear
1191,data/training\Actor_25\25_01_01_01_voice_fear.wav,fear
1192,data/training\Actor_25\25_01_01_01_void_fear.wav,fear
1193,data/training\Actor_25\25_01_01_01_vote_fear.wav,fear
1194,data/training\Actor_25\25_01_01_01_wag_fear.wav,fear
1195,data/training\Actor_25\25_01_01_01_walk_fear.wav,fear
1196,data/training\Actor_25\25_01_01_01_wash_fear.wav,fear
1197,data/training\Actor_25\25_01_01_01_week_fear.wav,fear
1198,data/training\Actor_25\25_01_01_01_wheat_fear.wav,fear
1199,data/training\Actor_25\25_01_01_01_when_fear.wav,fear
1200,data/training\Actor_25\25_01_01_01_which_fear.wav,fear
1201,data/training\Actor_25\25_01_01_01_whip_fear.wav,fear
1202,data/training\Actor_25\25_01_01_01_white_fear.wav,fear
1203,data/training\Actor_25\25_01_01_01_wife_fear.wav,fear
1204,data/training\Actor_25\25_01_01_01_wire_fear.wav,fear
1205,data/training\Actor_25\25_01_01_01_witch_fear.wav,fear
1206,data/training\Actor_25\25_01_01_01_yearn_fear.wav,fear
1207,data/training\Actor_25\25_01_01_01_yes_fear.wav,fear
1208,data/training\Actor_25\25_01_01_01_young_fear.wav,fear
1209,data/training\Actor_25\25_01_01_01_youth_fear.wav,fear
1210,data/training\Actor_26\26_01_01_01_back_fear.wav,fear
1211,data/training\Actor_26\26_01_01_01_bar_fear.wav,fear
1212,data/training\Actor_26\26_01_01_01_base_fear.wav,fear
1213,data/training\Actor_26\26_01_01_01_bath_fear.wav,fear
1214,data/training\Actor_26\26_01_01_01_bean_fear.wav,fear
1215,data/training\Actor_26\26_01_01_01_beg_fear.wav,fear
1216,data/training\Actor_26\26_01_01_01_cab_fear.wav,fear
1217,data/training\Actor_26\26_01_01_01_calm_fear.wav,fear
1218,data/training\Actor_26\26_01_01_01_came_fear.wav,fear
1219,data/training\Actor_26\26_01_01_01_cause_fear.wav,fear
1220,data/training\Actor_26\26_01_01_01_chain_fear.wav,fear
1221,data/training\Actor_26\26_01_01_01_chair_fear.wav,fear
1222,data/training\Actor_26\26_01_01_01_chalk_fear.wav,fear
1223,data/training\Actor_26\26_01_01_01_chat_fear.wav,fear
1224,data/training\Actor_26\26_01_01_01_check_fear.wav,fear
1225,data/training\Actor_26\26_01_01_01_cheek_fear.wav,fear
1226,data/training\Actor_26\26_01_01_01_chief_fear.wav,fear
1227,data/training\Actor_26\26_01_01_01_choice_fear.wav,fear
1228,data/training\Actor_26\26_01_01_01_cool_fear.wav,fear
1229,data/training\Actor_26\26_01_01_01_dab_fear.wav,fear
1230,data/training\Actor_26\26_01_01_01_date_fear.wav,fear
1231,data/training\Actor_26\26_01_01_01_dead_fear.wav,fear
1232,data/training\Actor_26\26_01_01_01_death_fear.wav,fear
1233,data/training\Actor_26\26_01_01_01_deep_fear.wav,fear
1234,data/training\Actor_26\26_01_01_01_dime_fear.wav,fear
1235,data/training\Actor_26\26_01_01_01_dip_fear.wav,fear
1236,data/training\Actor_26\26_01_01_01_ditch_fear.wav,fear
1237,data/training\Actor_26\26_01_01_01_dodge_fear.wav,fear
1238,data/training\Actor_26\26_01_01_01_dog_fear.wav,fear
1239,data/training\Actor_26\26_01_01_01_doll_fear.wav,fear
1240,data/training\Actor_26\26_01_01_01_door_fear.wav,fear
1241,data/training\Actor_26\26_01_01_01_fail_fear.wav,fear
1242,data/training\Actor_26\26_01_01_01_fall_fear.wav,fear
1243,data/training\Actor_26\26_01_01_01_far_fear.wav,fear
1244,data/training\Actor_26\26_01_01_01_fat_fear.wav,fear
1245,data/training\Actor_26\26_01_01_01_fit_fear.wav,fear
1246,data/training\Actor_26\26_01_01_01_five_fear.wav,fear
1247,data/training\Actor_26\26_01_01_01_food_fear.wav,fear
1248,data/training\Actor_26\26_01_01_01_gap_fear.wav,fear
1249,data/training\Actor_26\26_01_01_01_gas_fear.wav,fear
1250,data/training\Actor_26\26_01_01_01_gaze_fear.wav,fear
1251,data/training\Actor_26\26_01_01_01_germ_fear.wav,fear
1252,data/training\Actor_26\26_01_01_01_get_fear.wav,fear
1253,data/training\Actor_26\26_01_01_01_gin_fear.wav,fear
1254,data/training\Actor_26\26_01_01_01_goal_fear.wav,fear
1255,data/training\Actor_26\26_01_01_01_good_fear.wav,fear
1256,data/training\Actor_26\26_01_01_01_goose_fear.wav,fear
1257,data/training\Actor_26\26_01_01_01_gun_fear.wav,fear
1258,data/training\Actor_26\26_01_01_01_half_fear.wav,fear
1259,data/training\Actor_26\26_01_01_01_hall_fear.wav,fear
1260,data/training\Actor_26\26_01_01_01_hash_fear.wav,fear
1261,data/training\Actor_26\26_01_01_01_hate_fear.wav,fear
1262,data/training\Actor_26\26_01_01_01_have_fear.wav,fear
1263,data/training\Actor_26\26_01_01_01_haze_fear.wav,fear
1264,data/training\Actor_26\26_01_01_01_hire_fear.wav,fear
1265,data/training\Actor_26\26_01_01_01_hit_fear.wav,fear
1266,data/training\Actor_26\26_01_01_01_hole_fear.wav,fear
1267,data/training\Actor_26\26_01_01_01_home_fear.wav,fear
1268,data/training\Actor_26\26_01_01_01_hurl_fear.wav,fear
1269,data/training\Actor_26\26_01_01_01_hush_fear.wav,fear
1270,data/training\Actor_26\26_01_01_01_jail_fear.wav,fear
1271,data/training\Actor_26\26_01_01_01_jar_fear.wav,fear
1272,data/training\Actor_26\26_01_01_01_join_fear.wav,fear
1273,data/training\Actor_26\26_01_01_01_judge_fear.wav,fear
1274,data/training\Actor_26\26_01_01_01_jug_fear.wav,fear
1275,data/training\Actor_26\26_01_01_01_juice_fear.wav,fear
1276,data/training\Actor_26\26_01_01_01_keen_fear.wav,fear
1277,data/training\Actor_26\26_01_01_01_keep_fear.wav,fear
1278,data/training\Actor_26\26_01_01_01_keg_fear.wav,fear
1279,data/training\Actor_26\26_01_01_01_kick_fear.wav,fear
1280,data/training\Actor_26\26_01_01_01_kill_fear.wav,fear
1281,data/training\Actor_26\26_01_01_01_king_fear.wav,fear
1282,data/training\Actor_26\26_01_01_01_kite_fear.wav,fear
1283,data/training\Actor_26\26_01_01_01_knock_fear.wav,fear
1284,data/training\Actor_26\26_01_01_01_late_fear.wav,fear
1285,data/training\Actor_26\26_01_01_01_laud_fear.wav,fear
1286,data/training\Actor_26\26_01_01_01_lean_fear.wav,fear
1287,data/training\Actor_26\26_01_01_01_learn_fear.wav,fear
1288,data/training\Actor_26\26_01_01_01_lease_fear.wav,fear
1289,data/training\Actor_26\26_01_01_01_lid_fear.wav,fear
1290,data/training\Actor_26\26_01_01_01_life_fear.wav,fear
1291,data/training\Actor_26\26_01_01_01_limb_fear.wav,fear
1292,data/training\Actor_26\26_01_01_01_live_fear.wav,fear
1293,data/training\Actor_26\26_01_01_01_loaf_fear.wav,fear
1294,data/training\Actor_26\26_01_01_01_long_fear.wav,fear
1295,data/training\Actor_26\26_01_01_01_lore_fear.wav,fear
1296,data/training\Actor_26\26_01_01_01_lose_fear.wav,fear
1297,data/training\Actor_26\26_01_01_01_lot_fear.wav,fear
1298,data/training\Actor_26\26_01_01_01_love_fear.wav,fear
1299,data/training\Actor_26\26_01_01_01_luck_fear.wav,fear
1300,data/training\Actor_26\26_01_01_01_make_fear.wav,fear
1301,data/training\Actor_26\26_01_01_01_match_fear.wav,fear
1302,data/training\Actor_26\26_01_01_01_merge_fear.wav,fear
1303,data/training\Actor_26\26_01_01_01_mess_fear.wav,fear
1304,data/training\Actor_26\26_01_01_01_met_fear.wav,fear
1305,data/training\Actor_26\26_01_01_01_mill_fear.wav,fear
1306,data/training\Actor_26\26_01_01_01_mob_fear.wav,fear
1307,data/training\Actor_26\26_01_01_01_mode_fear.wav,fear
1308,data/training\Actor_26\26_01_01_01_mood_fear.wav,fear
1309,data/training\Actor_26\26_01_01_01_moon_fear.wav,fear
1310,data/training\Actor_26\26_01_01_01_mop_fear.wav,fear
1311,data/training\Actor_26\26_01_01_01_mouse_fear.wav,fear
1312,data/training\Actor_26\26_01_01_01_nag_fear.wav,fear
1313,data/training\Actor_26\26_01_01_01_name_fear.wav,fear
1314,data/training\Actor_26\26_01_01_01_near_fear.wav,fear
1315,data/training\Actor_26\26_01_01_01_neat_fear.wav,fear
1316,data/training\Actor_26\26_01_01_01_nice_fear.wav,fear
1317,data/training\Actor_26\26_01_01_01_note_fear.wav,fear
1318,data/training\Actor_26\26_01_01_01_numb_fear.wav,fear
1319,data/training\Actor_26\26_01_01_01_pad_fear.wav,fear
1320,data/training\Actor_26\26_01_01_01_page_fear.wav,fear
1321,data/training\Actor_26\26_01_01_01_pain_fear.wav,fear
1322,data/training\Actor_26\26_01_01_01_pass_fear.wav,fear
1323,data/training\Actor_26\26_01_01_01_pearl_fear.wav,fear
1324,data/training\Actor_26\26_01_01_01_peg_fear.wav,fear
1325,data/training\Actor_26\26_01_01_01_perch_fear.wav,fear
1326,data/training\Actor_26\26_01_01_01_phone_fear.wav,fear
1327,data/training\Actor_26\26_01_01_01_pick_fear.wav,fear
1328,data/training\Actor_26\26_01_01_01_pike_fear.wav,fear
1329,data/training\Actor_26\26_01_01_01_pole_fear.wav,fear
1330,data/training\Actor_26\26_01_01_01_pool_fear.wav,fear
1331,data/training\Actor_26\26_01_01_01_puff_fear.wav,fear
1332,data/training\Actor_26\26_01_01_01_rag_fear.wav,fear
1333,data/training\Actor_26\26_01_01_01_raid_fear.wav,fear
1334,data/training\Actor_26\26_01_01_01_rain_fear.wav,fear
1335,data/training\Actor_26\26_01_01_01_raise_fear.wav,fear
1336,data/training\Actor_26\26_01_01_01_rat_fear.wav,fear
1337,data/training\Actor_26\26_01_01_01_reach_fear.wav,fear
1338,data/training\Actor_26\26_01_01_01_read_fear.wav,fear
1339,data/training\Actor_26\26_01_01_01_red_fear.wav,fear
1340,data/training\Actor_26\26_01_01_01_ring_fear.wav,fear
1341,data/training\Actor_26\26_01_01_01_ripe_fear.wav,fear
1342,data/training\Actor_26\26_01_01_01_road_fear.wav,fear
1343,data/training\Actor_26\26_01_01_01_room_fear.wav,fear
1344,data/training\Actor_26\26_01_01_01_rose_fear.wav,fear
1345,data/training\Actor_26\26_01_01_01_rot_fear.wav,fear
1346,data/training\Actor_26\26_01_01_01_rough_fear.wav,fear
1347,data/training\Actor_26\26_01_01_01_rush_fear.wav,fear
1348,data/training\Actor_26\26_01_01_01_said_fear.wav,fear
1349,data/training\Actor_26\26_01_01_01_sail_fear.wav,fear
1350,data/training\Actor_26\26_01_01_01_search_fear.wav,fear
1351,data/training\Actor_26\26_01_01_01_seize_fear.wav,fear
1352,data/training\Actor_26\26_01_01_01_sell_fear.wav,fear
1353,data/training\Actor_26\26_01_01_01_shack_fear.wav,fear
1354,data/training\Actor_26\26_01_01_01_shall_fear.wav,fear
1355,data/training\Actor_26\26_01_01_01_shawl_fear.wav,fear
1356,data/training\Actor_26\26_01_01_01_sheep_fear.wav,fear
1357,data/training\Actor_26\26_01_01_01_shirt_fear.wav,fear
1358,data/training\Actor_26\26_01_01_01_should_fear.wav,fear
1359,data/training\Actor_26\26_01_01_01_shout_fear.wav,fear
1360,data/training\Actor_26\26_01_01_01_size_fear.wav,fear
1361,data/training\Actor_26\26_01_01_01_soap_fear.wav,fear
1362,data/training\Actor_26\26_01_01_01_soup_fear.wav,fear
1363,data/training\Actor_26\26_01_01_01_sour_fear.wav,fear
1364,data/training\Actor_26\26_01_01_01_south_fear.wav,fear
1365,data/training\Actor_26\26_01_01_01_sub_fear.wav,fear
1366,data/training\Actor_26\26_01_01_01_such_fear.wav,fear
1367,data/training\Actor_26\26_01_01_01_sure_fear.wav,fear
1368,data/training\Actor_26\26_01_01_01_take_fear.wav,fear
1369,data/training\Actor_26\26_01_01_01_talk_fear.wav,fear
1370,data/training\Actor_26\26_01_01_01_tape_fear.wav,fear
1371,data/training\Actor_26\26_01_01_01_team_fear.wav,fear
1372,data/training\Actor_26\26_01_01_01_tell_fear.wav,fear
1373,data/training\Actor_26\26_01_01_01_thin_fear.wav,fear
1374,data/training\Actor_26\26_01_01_01_third_fear.wav,fear
1375,data/training\Actor_26\26_01_01_01_thought_fear.wav,fear
1376,data/training\Actor_26\26_01_01_01_thumb_fear.wav,fear
1377,data/training\Actor_26\26_01_01_01_time_fear.wav,fear
1378,data/training\Actor_26\26_01_01_01_tip_fear.wav,fear
1379,data/training\Actor_26\26_01_01_01_tire_fear.wav,fear
1380,data/training\Actor_26\26_01_01_01_ton_fear.wav,fear
1381,data/training\Actor_26\26_01_01_01_tool_fear.wav,fear
1382,data/training\Actor_26\26_01_01_01_tough_fear.wav,fear
1383,data/training\Actor_26\26_01_01_01_turn_fear.wav,fear
1384,data/training\Actor_26\26_01_01_01_vine_fear.wav,fear
1385,data/training\Actor_26\26_01_01_01_voice_fear.wav,fear
1386,data/training\Actor_26\26_01_01_01_void_fear.wav,fear
1387,data/training\Actor_26\26_01_01_01_vote_fear.wav,fear
1388,data/training\Actor_26\26_01_01_01_wag_fear.wav,fear
1389,data/training\Actor_26\26_01_01_01_walk_fear.wav,fear
1390,data/training\Actor_26\26_01_01_01_wash_fear.wav,fear
1391,data/training\Actor_26\26_01_01_01_week_fear.wav,fear
1392,data/training\Actor_26\26_01_01_01_wheat_fear.wav,fear
1393,data/training\Actor_26\26_01_01_01_when_fear.wav,fear
1394,data/training\Actor_26\26_01_01_01_which_fear.wav,fear
1395,data/training\Actor_26\26_01_01_01_whip_fear.wav,fear
1396,data/training\Actor_26\26_01_01_01_white_fear.wav,fear
1397,data/training\Actor_26\26_01_01_01_wife_fear.wav,fear
1398,data/training\Actor_26\26_01_01_01_wire_fear.wav,fear
1399,data/training\Actor_26\26_01_01_01_witch_fear.wav,fear
1400,data/training\Actor_26\26_01_01_01_yearn_fear.wav,fear
1401,data/training\Actor_26\26_01_01_01_yes_fear.wav,fear
1402,data/training\Actor_26\26_01_01_01_young_fear.wav,fear
1403,data/training\Actor_26\26_01_01_01_youth_fear.wav,fear
